-- Adminer 4.8.1 MySQL 8.0.34-0ubuntu0.22.04.1 dump

SET NAMES utf8;
SET time_zone = '+00:00';
SET foreign_key_checks = 0;
SET sql_mode = 'NO_AUTO_VALUE_ON_ZERO';

SET NAMES utf8mb4;

DROP TABLE IF EXISTS `all_cities`;
CREATE TABLE `all_cities` (
  `city_name` text COLLATE utf8mb4_general_ci,
  `city_code` text COLLATE utf8mb4_general_ci,
  `state_code` text COLLATE utf8mb4_general_ci
) ENGINE=InnoDB DEFAULT CHARSET=utf8mb4 COLLATE=utf8mb4_general_ci;

INSERT INTO `all_cities` (`city_name`, `city_code`, `state_code`) VALUES
('Alipur',	'101',	'1'),
('Andaman Island',	'102',	'1'),
('Anderson Island',	'103',	'1'),
('Arainj-Laka-Punga',	'104',	'1'),
('Austinabad',	'105',	'1'),
('Bamboo Flat',	'106',	'1'),
('Barren Island',	'107',	'1'),
('Beadonabad',	'108',	'1'),
('Betapur',	'109',	'1'),
('Bindraban',	'110',	'1'),
('Bonington',	'111',	'1'),
('Brookesabad',	'112',	'1'),
('Cadell Point',	'113',	'1'),
('Calicut',	'114',	'1'),
('Chetamale',	'115',	'1'),
('Cinque Islands',	'116',	'1'),
('Defence Island',	'117',	'1'),
('Digilpur',	'118',	'1'),
('Dolyganj',	'119',	'1'),
('Flat Island',	'120',	'1'),
('Geinyale',	'121',	'1'),
('Great Coco Island',	'122',	'1'),
('Haddo',	'123',	'1'),
('Havelock Island',	'124',	'1'),
('Henry Lawrence Island',	'125',	'1'),
('Herbertabad',	'126',	'1'),
('Hobdaypur',	'127',	'1'),
('Ilichar',	'128',	'1'),
('Ingoie',	'128',	'1'),
('Inteview Island',	'130',	'1'),
('Jangli Ghat',	'131',	'1'),
('Jhon Lawrence Island',	'132',	'1'),
('Karen',	'133',	'1'),
('Kartara',	'134',	'1'),
('KYD Islannd',	'135',	'1'),
('Landfall Island',	'136',	'1'),
('Little Andmand',	'137',	'1'),
('Little Coco Island',	'138',	'1'),
('Long Island',	'138',	'1'),
('Maimyo',	'140',	'1'),
('Malappuram',	'141',	'1'),
('Manglutan',	'142',	'1'),
('Manpur',	'143',	'1'),
('Mitha Khari',	'144',	'1'),
('Neill Island',	'145',	'1'),
('Nicobar Island',	'146',	'1'),
('North Brother Island',	'147',	'1'),
('North Passage Island',	'148',	'1'),
('North Sentinel Island',	'149',	'1'),
('Nothen Reef Island',	'150',	'1'),
('Outram Island',	'151',	'1'),
('Pahlagaon',	'152',	'1'),
('Palalankwe',	'153',	'1'),
('Passage Island',	'154',	'1'),
('Phaiapong',	'155',	'1'),
('Phoenix Island',	'156',	'1'),
('Port Blair',	'157',	'1'),
('Preparis Island',	'158',	'1'),
('Protheroepur',	'159',	'1'),
('Rangachang',	'160',	'1'),
('Rongat',	'161',	'1'),
('Rutland Island',	'162',	'1'),
('Sabari',	'163',	'1'),
('Saddle Peak',	'164',	'1'),
('Shadipur',	'165',	'1'),
('Smith Island',	'166',	'1'),
('Sound Island',	'167',	'1'),
('South Sentinel Island',	'168',	'1'),
('Spike Island',	'169',	'1'),
('Tarmugli Island',	'170',	'1'),
('Taylerabad',	'171',	'1'),
('Titaije',	'172',	'1'),
('Toibalawe',	'173',	'1'),
('Tusonabad',	'174',	'1'),
('West Island',	'175',	'1'),
('Wimberleyganj',	'176',	'1'),
('Yadita',	'177',	'1'),
('Adilabad',	'201',	'2'),
('Anantapur',	'201',	'2'),
('Chittoor',	'203',	'2'),
('Cuddapah',	'204',	'2'),
('East Godavari',	'205',	'2'),
('Guntur',	'206',	'2'),
('Hyderabad',	'207',	'2'),
('Karimnagar',	'208',	'2'),
('Khammam',	'209',	'2'),
('Krishna',	'210',	'2'),
('Kurnool',	'211',	'2'),
('Mahabubnagar',	'212',	'2'),
('Medak',	'213',	'2'),
('Nalgonda',	'214',	'2'),
('Nellore',	'215',	'2'),
('Nizamabad',	'216',	'2'),
('Prakasam',	'217',	'2'),
('Rangareddy',	'218',	'2'),
('Srikakulam',	'219',	'2'),
('Visakhapatnam',	'220',	'2'),
('Vizianagaram',	'221',	'2'),
('Warangal',	'222',	'2'),
('West Godavari',	'223',	'2'),
('Anjaw',	'301',	'3'),
('Changlang',	'302',	'3'),
('Dibang Valley',	'303',	'3'),
('East Kameng',	'304',	'3'),
('East Siang',	'305',	'3'),
('Itanagar',	'306',	'3'),
('Kurung Kumey',	'307',	'3'),
('Lohit',	'308',	'3'),
('Lower Dibang Valley',	'309',	'3'),
('Lower Subansiri',	'310',	'3'),
('Papum Pare',	'311',	'3'),
('Tawang',	'312',	'3'),
('Tirap',	'313',	'3'),
('Upper Siang',	'314',	'3'),
('Upper Subansiri',	'315',	'3'),
('West Kameng',	'316',	'3'),
('West Siang',	'317',	'3'),
('Barpeta',	'401',	'4'),
('Bongaigaon',	'402',	'4'),
('Cachar',	'403',	'4'),
('Darrang',	'404',	'4'),
('Dhemaji',	'405',	'4'),
('Dhubri',	'406',	'4'),
('Dibrugarh',	'407',	'4'),
('Goalpara',	'408',	'4'),
('Golaghat',	'409',	'4'),
('Guwahati',	'410',	'4'),
('Hailakandi',	'411',	'4'),
('Jorhat',	'412',	'4'),
('Kamrup',	'413',	'4'),
('Karbi Anglong',	'414',	'4'),
('Karimganj',	'415',	'4'),
('Kokrajhar',	'416',	'4'),
('Lakhimpur',	'417',	'4'),
('Marigaon',	'418',	'4'),
('Nagaon',	'419',	'4'),
('Nalbari',	'420',	'4'),
('North Cachar Hills',	'421',	'4'),
('Silchar',	'422',	'4'),
('Sivasagar',	'423',	'4'),
('Sonitpur',	'424',	'4'),
('Tinsukia',	'425',	'4'),
('Udalguri',	'426',	'4'),
('Araria',	'501',	'5'),
('Aurangabad',	'502',	'5'),
('Banka',	'503',	'5'),
('Begusarai',	'504',	'5'),
('Bhagalpur',	'505',	'5'),
('Bhojpur',	'506',	'5'),
('Buxar',	'507',	'5'),
('Darbhanga',	'508',	'5'),
('East Champaran',	'509',	'5'),
('Gaya',	'510',	'5'),
('Gopalganj',	'511',	'5'),
('Jamshedpur',	'512',	'5'),
('Jamui',	'513',	'5'),
('Jehanabad',	'514',	'5'),
('Kaimur (Bhabua)',	'515',	'5'),
('Katihar',	'516',	'5'),
('Khagaria',	'517',	'5'),
('Kishanganj',	'518',	'5'),
('Lakhisarai',	'519',	'5'),
('Madhepura',	'520',	'5'),
('Madhubani',	'521',	'5'),
('Munger',	'522',	'5'),
('Muzaffarpur',	'523',	'5'),
('Nalanda',	'524',	'5'),
('Nawada',	'525',	'5'),
('Patna',	'526',	'5'),
('Purnia',	'527',	'5'),
('Rohtas',	'528',	'5'),
('Saharsa',	'529',	'5'),
('Samastipur',	'530',	'5'),
('Saran',	'531',	'5'),
('Sheikhpura',	'532',	'5'),
('Sheohar',	'533',	'5'),
('Sitamarhi',	'534',	'5'),
('Siwan',	'535',	'5'),
('Supaul',	'536',	'5'),
('Vaishali',	'537',	'5'),
('West Champaran',	'538',	'5'),
('Chandigarh',	'601',	'6'),
('Mani Marja',	'602',	'6'),
('Bastar',	'701',	'7'),
('Bhilai',	'702',	'7'),
('Bijapur',	'703',	'7'),
('Bilaspur',	'704',	'7'),
('Dhamtari',	'705',	'7'),
('Durg',	'706',	'7'),
('Janjgir-Champa',	'707',	'7'),
('Jashpur',	'708',	'7'),
('Kabirdham-Kawardha',	'709',	'7'),
('Korba',	'710',	'7'),
('Korea',	'711',	'7'),
('Mahasamund',	'712',	'7'),
('Narayanpur',	'713',	'7'),
('Norh Bastar-Kanker',	'714',	'7'),
('Raigarh',	'715',	'7'),
('Raipur',	'716',	'7'),
('Rajnandgaon',	'717',	'7'),
('South Bastar-Dantewada',	'718',	'7'),
('Surguja',	'719',	'7'),
('Amal',	'801',	'8'),
('Amli',	'802',	'8'),
('Bedpa',	'803',	'8'),
('Chikhli',	'804',	'8'),
('Dadra & Nagar Haveli',	'805',	'8'),
('Dahikhed',	'806',	'8'),
('Dolara',	'807',	'8'),
('Galonda',	'808',	'8'),
('Kanadi',	'809',	'8'),
('Karchond',	'810',	'8'),
('Khadoli',	'811',	'8'),
('Kharadpada',	'812',	'8'),
('Kherabari',	'813',	'8'),
('Kherdi',	'814',	'8'),
('Kothar',	'815',	'8'),
('Luari',	'816',	'8'),
('Mashat',	'817',	'8'),
('Rakholi',	'818',	'8'),
('Rudana',	'819',	'8'),
('Saili',	'820',	'8'),
('Sili',	'821',	'8'),
('Silvassa',	'822',	'8'),
('Sindavni',	'823',	'8'),
('Udva',	'824',	'8'),
('Umbarkoi',	'825',	'8'),
('Vansda',	'826',	'8'),
('Vasona',	'827',	'8'),
('Velugam',	'828',	'8'),
('Brancavare',	'901',	'9'),
('Dagasi',	'902',	'9'),
('Daman',	'903',	'9'),
('Diu',	'904',	'9'),
('Magarvara',	'905',	'9'),
('Nagwa',	'906',	'9'),
('Pariali',	'907',	'9'),
('Passo Covo',	'908',	'9'),
('Central Delhi',	'1001',	'10'),
('East Delhi',	'1002',	'10'),
('New Delhi',	'1003',	'10'),
('North Delhi',	'1004',	'10'),
('North East Delhi',	'1005',	'10'),
('North West Delhi',	'1006',	'10'),
('Old Delhi',	'1007',	'10'),
('South Delhi',	'1008',	'10'),
('South West Delhi',	'1009',	'10'),
('West Delhi',	'1010',	'10'),
('Canacona',	'1101',	'11'),
('Candolim',	'1102',	'11'),
('Chinchinim',	'1103',	'11'),
('Cortalim',	'1104',	'11'),
('Goa',	'1105',	'11'),
('Jua',	'1106',	'11'),
('Madgaon',	'1107',	'11'),
('Mahem',	'1108',	'11'),
('Mapuca',	'1109',	'11'),
('Marmagao',	'1110',	'11'),
('Panji',	'1111',	'11'),
('Ponda',	'1112',	'11'),
('Sanvordem',	'1113',	'11'),
('Terekhol',	'1114',	'11'),
('Ahmedabad',	'1201',	'12'),
('Amreli',	'1202',	'12'),
('Anand',	'1203',	'12'),
('Banaskantha',	'1204',	'12'),
('Baroda',	'1205',	'12'),
('Bharuch',	'1206',	'12'),
('Bhavnagar',	'1207',	'12'),
('Dahod',	'1208',	'12'),
('Dang',	'1209',	'12'),
('Dwarka',	'1210',	'12'),
('Gandhinagar',	'1211',	'12'),
('Jamnagar',	'1212',	'12'),
('Junagadh',	'1213',	'12'),
('Kheda',	'1214',	'12'),
('Kutch',	'1215',	'12'),
('Mehsana',	'1216',	'12'),
('Nadiad',	'1217',	'12'),
('Narmada',	'1218',	'12'),
('Navsari',	'1219',	'12'),
('Panchmahals',	'1220',	'12'),
('Patan',	'1221',	'12'),
('Porbandar',	'1222',	'12'),
('Rajkot',	'1223',	'12'),
('Sabarkantha',	'1224',	'12'),
('Surat',	'1225',	'12'),
('Surendranagar',	'1226',	'12'),
('Vadodara',	'1227',	'12'),
('Valsad',	'1228',	'12'),
('Vapi',	'1229',	'12'),
('Ambala',	'1301',	'13'),
('Bhiwani',	'1302',	'13'),
('Faridabad',	'1303',	'13'),
('Fatehabad',	'1304',	'13'),
('Gurgaon',	'1305',	'13'),
('Hisar',	'1306',	'13'),
('Jhajjar',	'1307',	'13'),
('Jind',	'1308',	'13'),
('Kaithal',	'1309',	'13'),
('Karnal',	'1310',	'13'),
('Kurukshetra',	'1311',	'13'),
('Mahendragarh',	'1312',	'13'),
('Mewat',	'1313',	'13'),
('Panchkula',	'1314',	'13'),
('Panipat',	'1315',	'13'),
('Rewari',	'1316',	'13'),
('Rohtak',	'1317',	'13'),
('Sirsa',	'1318',	'13'),
('Sonipat',	'1319',	'13'),
('Yamunanagar',	'1320',	'13'),
('Bilaspur',	'1401',	'14'),
('Chamba',	'1402',	'14'),
('Dalhousie',	'1403',	'14'),
('Hamirpur',	'1404',	'14'),
('Kangra',	'1405',	'14'),
('Kinnaur',	'1406',	'14'),
('Kullu',	'1407',	'14'),
('Lahaul & Spiti',	'1408',	'14'),
('Mandi',	'1409',	'14'),
('Shimla',	'1410',	'14'),
('Sirmaur',	'1411',	'14'),
('Solan',	'1412',	'14'),
('Una',	'1413',	'14'),
('Anantnag',	'1501',	'15'),
('Baramulla',	'1502',	'15'),
('Budgam',	'1503',	'15'),
('Doda',	'1504',	'15'),
('Jammu',	'1505',	'15'),
('Kargil',	'1506',	'15'),
('Kathua',	'1507',	'15'),
('Kupwara',	'1508',	'15'),
('Leh',	'1509',	'15'),
('Poonch',	'1510',	'15'),
('Pulwama',	'1511',	'15'),
('Rajauri',	'1512',	'15'),
('Srinagar',	'1513',	'15'),
('Udhampur',	'1514',	'15'),
('Bokaro',	'1601',	'16'),
('Chatra',	'1602',	'16'),
('Deoghar',	'1603',	'16'),
('Dhanbad',	'1604',	'16'),
('Dumka',	'1605',	'16'),
('East Singhbhum',	'1606',	'16'),
('Garhwa',	'1607',	'16'),
('Giridih',	'1608',	'16'),
('Godda',	'1609',	'16'),
('Gumla',	'1610',	'16'),
('Hazaribag',	'1611',	'16'),
('Jamtara',	'1612',	'16'),
('Koderma',	'1613',	'16'),
('Latehar',	'1614',	'16'),
('Lohardaga',	'1615',	'16'),
('Pakur',	'1616',	'16'),
('Palamu',	'1617',	'16'),
('Ranchi',	'1618',	'16'),
('Sahibganj',	'1619',	'16'),
('Seraikela',	'1620',	'16'),
('Simdega',	'1621',	'16'),
('West Singhbhum',	'1622',	'16'),
('Bagalkot',	'1701',	'17'),
('Bangalore',	'1702',	'17'),
('Bangalore Rural',	'1703',	'17'),
('Belgaum',	'1704',	'17'),
('Bellary',	'1705',	'17'),
('Bhatkal',	'1706',	'17'),
('Bidar',	'1707',	'17'),
('Bijapur',	'1708',	'17'),
('Chamrajnagar',	'1709',	'17'),
('Chickmagalur',	'1710',	'17'),
('Chikballapur',	'1711',	'17'),
('Chitradurga',	'1712',	'17'),
('Dakshina Kannada',	'1713',	'17'),
('Davanagere',	'1714',	'17'),
('Dharwad',	'1715',	'17'),
('Gadag',	'1716',	'17'),
('Gulbarga',	'1717',	'17'),
('Hampi',	'1718',	'17'),
('Hassan',	'1719',	'17'),
('Haveri',	'1720',	'17'),
('Hospet',	'1721',	'17'),
('Karwar',	'1722',	'17'),
('Kodagu',	'1723',	'17'),
('Kolar',	'1724',	'17'),
('Koppal',	'1725',	'17'),
('Madikeri',	'1726',	'17'),
('Mandya',	'1727',	'17'),
('Mangalore',	'1728',	'17'),
('Manipal',	'1729',	'17'),
('Mysore',	'1730',	'17'),
('Raichur',	'1731',	'17'),
('Shimoga',	'1732',	'17'),
('Sirsi',	'1733',	'17'),
('Sringeri',	'1734',	'17'),
('Srirangapatna',	'1735',	'17'),
('Tumkur',	'1736',	'17'),
('Udupi',	'1737',	'17'),
('Uttara Kannada',	'1738',	'17'),
('Alappuzha',	'1801',	'18'),
('Alleppey',	'1802',	'18'),
('Alwaye',	'1803',	'18'),
('Ernakulam',	'1804',	'18'),
('Idukki',	'1805',	'18'),
('Kannur',	'1806',	'18'),
('Kasargod',	'1807',	'18'),
('Kochi',	'1808',	'18'),
('Kollam',	'1809',	'18'),
('Kottayam',	'1810',	'18'),
('Kovalam',	'1811',	'18'),
('Kozhikode',	'1812',	'18'),
('Malappuram',	'1813',	'18'),
('Palakkad',	'1814',	'18'),
('Pathanamthitta',	'1815',	'18'),
('Perumbavoor',	'1816',	'18'),
('Thiruvananthapuram',	'1817',	'18'),
('Thrissur',	'1818',	'18'),
('Trichur',	'1819',	'18'),
('Trivandrum',	'1820',	'18'),
('Wayanad',	'1821',	'18'),
('Agatti Island',	'1901',	'19'),
('Bingaram Island',	'1902',	'19'),
('Bitra Island',	'1903',	'19'),
('Chetlat Island',	'1904',	'19'),
('Kadmat Island',	'1905',	'19'),
('Kalpeni Island',	'1906',	'19'),
('Kavaratti Island',	'1907',	'19'),
('Kiltan Island',	'1908',	'19'),
('Lakshadweep Sea',	'1909',	'19'),
('Minicoy Island',	'1910',	'19'),
('North Island',	'1911',	'19'),
('South Island',	'1912',	'19'),
('Anuppur',	'2001',	'20'),
('Ashoknagar',	'2002',	'20'),
('Balaghat',	'2003',	'20'),
('Barwani',	'2004',	'20'),
('Betul',	'2005',	'20'),
('Bhind',	'2006',	'20'),
('Bhopal',	'2007',	'20'),
('Burhanpur',	'2008',	'20'),
('Chhatarpur',	'2009',	'20'),
('Chhindwara',	'2010',	'20'),
('Damoh',	'2011',	'20'),
('Datia',	'2012',	'20'),
('Dewas',	'2013',	'20'),
('Dhar',	'2014',	'20'),
('Dindori',	'2015',	'20'),
('Guna',	'2016',	'20'),
('Gwalior',	'2017',	'20'),
('Harda',	'2018',	'20'),
('Hoshangabad',	'2019',	'20'),
('Indore',	'2020',	'20'),
('Jabalpur',	'2021',	'20'),
('Jagdalpur',	'2022',	'20'),
('Jhabua',	'2023',	'20'),
('Katni',	'2024',	'20'),
('Khandwa',	'2025',	'20'),
('Khargone',	'2026',	'20'),
('Mandla',	'2027',	'20'),
('Mandsaur',	'2028',	'20'),
('Morena',	'2029',	'20'),
('Narsinghpur',	'2030',	'20'),
('Neemuch',	'2031',	'20'),
('Panna',	'2032',	'20'),
('Raisen',	'2033',	'20'),
('Rajgarh',	'2034',	'20'),
('Ratlam',	'2035',	'20'),
('Rewa',	'2036',	'20'),
('Sagar',	'2037',	'20'),
('Satna',	'2038',	'20'),
('Sehore',	'2039',	'20'),
('Seoni',	'2040',	'20'),
('Shahdol',	'2041',	'20'),
('Shajapur',	'2042',	'20'),
('Sheopur',	'2043',	'20'),
('Shivpuri',	'2044',	'20'),
('Sidhi',	'2045',	'20'),
('Tikamgarh',	'2046',	'20'),
('Ujjain',	'2047',	'20'),
('Umaria',	'2048',	'20'),
('Vidisha',	'2049',	'20'),
('Ahmednagar',	'2101',	'21'),
('Akola',	'2102',	'21'),
('Amravati',	'2103',	'21'),
('Aurangabad',	'2104',	'21'),
('Beed',	'2105',	'21'),
('Bhandara',	'2106',	'21'),
('Buldhana',	'2107',	'21'),
('Chandrapur',	'2108',	'21'),
('Dhule',	'2109',	'21'),
('Gadchiroli',	'2110',	'21'),
('Gondia',	'2111',	'21'),
('Hingoli',	'2112',	'21'),
('Jalgaon',	'2113',	'21'),
('Jalna',	'2114',	'21'),
('Kolhapur',	'2115',	'21'),
('Latur',	'2116',	'21'),
('Mahabaleshwar',	'2117',	'21'),
('Mumbai',	'2118',	'21'),
('Mumbai City',	'2119',	'21'),
('Mumbai Suburban',	'2120',	'21'),
('Nagpur',	'2121',	'21'),
('Nanded',	'2122',	'21'),
('Nandurbar',	'2123',	'21'),
('Nashik',	'2124',	'21'),
('Osmanabad',	'2125',	'21'),
('Parbhani',	'2126',	'21'),
('Pune',	'2127',	'21'),
('Raigad',	'2128',	'21'),
('Ratnagiri',	'2129',	'21'),
('Sangli',	'2130',	'21'),
('Satara',	'2131',	'21'),
('Sholapur',	'2132',	'21'),
('Sindhudurg',	'2133',	'21'),
('Thane',	'2134',	'21'),
('Wardha',	'2135',	'21'),
('Washim',	'2136',	'21'),
('Yavatmal',	'2137',	'21'),
('Bishnupur',	'2201',	'22'),
('Chandel',	'2202',	'22'),
('Churachandpur',	'2203',	'22'),
('Imphal East',	'2204',	'22'),
('Imphal West',	'2205',	'22'),
('Senapati',	'2206',	'22'),
('Tamenglong',	'2207',	'22'),
('Thoubal',	'2208',	'22'),
('Ukhrul',	'2209',	'22'),
('East Garo Hills',	'2301',	'23'),
('East Khasi Hills',	'2302',	'23'),
('Jaintia Hills',	'2303',	'23'),
('Ri Bhoi',	'2304',	'23'),
('Shillong',	'2305',	'23'),
('South Garo Hills',	'2306',	'23'),
('West Garo Hills',	'2307',	'23'),
('West Khasi Hills',	'2308',	'23'),
('Aizawl',	'2401',	'24'),
('Champhai',	'2402',	'24'),
('Kolasib',	'2403',	'24'),
('Lawngtlai',	'2404',	'24'),
('Lunglei',	'2405',	'24'),
('Mamit',	'2406',	'24'),
('Saiha',	'2407',	'24'),
('Serchhip',	'2408',	'24'),
('Dimapur',	'2501',	'25'),
('Kohima',	'2502',	'25'),
('Mokokchung',	'2503',	'25'),
('Mon',	'2504',	'25'),
('Phek',	'2505',	'25'),
('Tuensang',	'2506',	'25'),
('Wokha',	'2507',	'25'),
('Zunheboto',	'2508',	'25'),
('Angul',	'2601',	'26'),
('Balangir',	'2602',	'26'),
('Balasore',	'2603',	'26'),
('Baleswar',	'2604',	'26'),
('Bargarh',	'2605',	'26'),
('Berhampur',	'2606',	'26'),
('Bhadrak',	'2607',	'26'),
('Bhubaneswar',	'2608',	'26'),
('Boudh',	'2609',	'26'),
('Cuttack',	'2610',	'26'),
('Deogarh',	'2611',	'26'),
('Dhenkanal',	'2612',	'26'),
('Gajapati',	'2613',	'26'),
('Ganjam',	'2614',	'26'),
('Jagatsinghapur',	'2615',	'26'),
('Jajpur',	'2616',	'26'),
('Jharsuguda',	'2617',	'26'),
('Kalahandi',	'2618',	'26'),
('Kandhamal',	'2619',	'26'),
('Kendrapara',	'2620',	'26'),
('Kendujhar',	'2621',	'26'),
('Khordha',	'2622',	'26'),
('Koraput',	'2623',	'26'),
('Malkangiri',	'2624',	'26'),
('Mayurbhanj',	'2625',	'26'),
('Nabarangapur',	'2626',	'26'),
('Nayagarh',	'2627',	'26'),
('Nuapada',	'2628',	'26'),
('Puri',	'2629',	'26'),
('Rayagada',	'2630',	'26'),
('Rourkela',	'2631',	'26'),
('Sambalpur',	'2632',	'26'),
('Subarnapur',	'2633',	'26'),
('Sundergarh',	'2634',	'26'),
('Bahur',	'2701',	'27'),
('Karaikal',	'2701',	'27'),
('Mahe',	'2701',	'27'),
('Pondicherry',	'2701',	'27'),
('Purnankuppam',	'2701',	'27'),
('Valudavur',	'2701',	'27'),
('Villianur',	'2701',	'27'),
('Yanam',	'2701',	'27'),
('Amritsar',	'2801',	'28'),
('Barnala',	'2801',	'28'),
('Bathinda',	'2801',	'28'),
('Faridkot',	'2801',	'28'),
('Fatehgarh Sahib',	'2801',	'28'),
('Ferozepur',	'2801',	'28'),
('Gurdaspur',	'2801',	'28'),
('Hoshiarpur',	'2801',	'28'),
('Jalandhar',	'2801',	'28'),
('Kapurthala',	'2801',	'28'),
('Ludhiana',	'2801',	'28'),
('Mansa',	'2801',	'28'),
('Moga',	'2801',	'28'),
('Muktsar',	'2801',	'28'),
('Nawanshahr',	'2801',	'28'),
('Pathankot',	'2801',	'28'),
('Patiala',	'2801',	'28'),
('Rupnagar',	'2801',	'28'),
('Sangrur',	'2801',	'28'),
('SAS Nagar',	'2801',	'28'),
('Tarn Taran',	'2801',	'28'),
('Ajmer',	'2901',	'29'),
('Alwar',	'2902',	'29'),
('Banswara',	'2903',	'29'),
('Baran',	'2904',	'29'),
('Barmer',	'2905',	'29'),
('Bharatpur',	'2906',	'29'),
('Bhilwara',	'2907',	'29'),
('Bikaner',	'2908',	'29'),
('Bundi',	'2909',	'29'),
('Chittorgarh',	'2910',	'29'),
('Churu',	'2911',	'29'),
('Dausa',	'2912',	'29'),
('Dholpur',	'2913',	'29'),
('Dungarpur',	'2914',	'29'),
('Hanumangarh',	'2915',	'29'),
('Jaipur',	'2916',	'29'),
('Jaisalmer',	'2917',	'29'),
('Jalore',	'2918',	'29'),
('Jhalawar',	'2919',	'29'),
('Jhunjhunu',	'2920',	'29'),
('Jodhpur',	'2921',	'29'),
('Karauli',	'2922',	'29'),
('Kota',	'2923',	'29'),
('Nagaur',	'2924',	'29'),
('Pali',	'2925',	'29'),
('Pilani',	'2926',	'29'),
('Rajsamand',	'2927',	'29'),
('Sawai Madhopur',	'2928',	'29'),
('Sikar',	'2929',	'29'),
('Sirohi',	'2930',	'29'),
('Sri Ganganagar',	'2931',	'29'),
('Tonk',	'2932',	'29'),
('Udaipur',	'2933',	'29'),
('Barmiak',	'3001',	'30'),
('Be',	'3002',	'30'),
('Bhurtuk',	'3003',	'30'),
('Chhubakha',	'3004',	'30'),
('Chidam',	'3005',	'30'),
('Chubha',	'3006',	'30'),
('Chumikteng',	'3007',	'30'),
('Dentam',	'3008',	'30'),
('Dikchu',	'3009',	'30'),
('Dzongri',	'3010',	'30'),
('Gangtok',	'3011',	'30'),
('Gauzing',	'3012',	'30'),
('Gyalshing',	'3013',	'30'),
('Hema',	'3014',	'30'),
('Kerung',	'3015',	'30'),
('Lachen',	'3016',	'30'),
('Lachung',	'3017',	'30'),
('Lema',	'3018',	'30'),
('Lingtam',	'3019',	'30'),
('Lungthu',	'3020',	'30'),
('Mangan',	'3021',	'30'),
('Namchi',	'3022',	'30'),
('Namthang',	'3023',	'30'),
('Nanga',	'3024',	'30'),
('Nantang',	'3025',	'30'),
('Naya Bazar',	'3026',	'30'),
('Padamachen',	'3027',	'30'),
('Pakhyong',	'3028',	'30'),
('Pemayangtse',	'3029',	'30'),
('Phensang',	'3030',	'30'),
('Rangli',	'3031',	'30'),
('Rinchingpong',	'3032',	'30'),
('Sakyong',	'3033',	'30'),
('Samdong',	'3034',	'30'),
('Singtam',	'3035',	'30'),
('Siniolchu',	'3035',	'30'),
('Sombari',	'3036',	'30'),
('Soreng',	'3037',	'30'),
('Sosing',	'3038',	'30'),
('Tekhug',	'3039',	'30'),
('Temi',	'3040',	'30'),
('Tsetang',	'3041',	'30'),
('Tsomgo',	'3042',	'30'),
('Tumlong',	'3043',	'30'),
('Yangang',	'3044',	'30'),
('Yumtang',	'3045',	'30'),
('Chennai',	'3101',	'31'),
('Chidambaram',	'3102',	'31'),
('Chingleput',	'3103',	'31'),
('Coimbatore',	'3104',	'31'),
('Courtallam',	'3105',	'31'),
('Cuddalore',	'3106',	'31'),
('Dharmapuri',	'3107',	'31'),
('Dindigul',	'3108',	'31'),
('Erode',	'3109',	'31'),
('Hosur',	'3110',	'31'),
('Kanchipuram',	'3111',	'31'),
('Kanyakumari',	'3112',	'31'),
('Karaikudi',	'3113',	'31'),
('Karur',	'3114',	'31'),
('Kodaikanal',	'3115',	'31'),
('Kovilpatti',	'3116',	'31'),
('Krishnagiri',	'3117',	'31'),
('Kumbakonam',	'3118',	'31'),
('Madurai',	'3119',	'31'),
('Mayiladuthurai',	'3120',	'31'),
('Nagapattinam',	'3121',	'31'),
('Nagarcoil',	'3122',	'31'),
('Namakkal',	'3123',	'31'),
('Neyveli',	'3124',	'31'),
('Nilgiris',	'3125',	'31'),
('Ooty',	'3126',	'31'),
('Palani',	'3127',	'31'),
('Perambalur',	'3128',	'31'),
('Pollachi',	'3129',	'31'),
('Pudukkottai',	'3130',	'31'),
('Rajapalayam',	'3131',	'31'),
('Ramanathapuram',	'3132',	'31'),
('Salem',	'3133',	'31'),
('Sivaganga',	'3134',	'31'),
('Sivakasi',	'3135',	'31'),
('Thanjavur',	'3136',	'31'),
('Theni',	'3137',	'31'),
('Thoothukudi',	'3138',	'31'),
('Tiruchirappalli',	'3139',	'31'),
('Tirunelveli',	'3140',	'31'),
('Tirupur',	'3141',	'31'),
('Tiruvallur',	'3142',	'31'),
('Tiruvannamalai',	'3143',	'31'),
('Tiruvarur',	'3144',	'31'),
('Trichy',	'3145',	'31'),
('Tuticorin',	'3146',	'31'),
('Vellore',	'3147',	'31'),
('Villupuram',	'3148',	'31'),
('Virudhunagar',	'3149',	'31'),
('Yercaud',	'3150',	'31'),
('Agartala',	'3201',	'32'),
('Ambasa',	'3202',	'32'),
('Bampurbari',	'3203',	'32'),
('Belonia',	'3204',	'32'),
('Dhalai',	'3205',	'32'),
('Dharam Nagar',	'3206',	'32'),
('Kailashahar',	'3207',	'32'),
('Kamal Krishnabari',	'3208',	'32'),
('Khopaiyapara',	'3209',	'32'),
('Khowai',	'3210',	'32'),
('Phuldungsei',	'3211',	'32'),
('Radha Kishore Pur',	'3212',	'32'),
('Tripura',	'3213',	'32'),
('Agra',	'3301',	'33'),
('Aligarh',	'3302',	'33'),
('Allahabad',	'3303',	'33'),
('Ambedkar Nagar',	'3304',	'33'),
('Amethi',	'3305',	'33'),
('Auraiya',	'3306',	'33'),
('Azamgarh',	'3307',	'33'),
('Bagpat',	'3308',	'33'),
('Bahraich',	'3309',	'33'),
('Ballia',	'3310',	'33'),
('Balrampur',	'3311',	'33'),
('Banda',	'3312',	'33'),
('Barabanki',	'3313',	'33'),
('Bareilly',	'3314',	'33'),
('Basti',	'3315',	'33'),
('Bijnor',	'3316',	'33'),
('Budaun',	'3317',	'33'),
('Bulandshahr',	'3318',	'33'),
('Chandauli',	'3319',	'33'),
('Chitrakoot',	'3320',	'33'),
('Deoria',	'3321',	'33'),
('Etah',	'3322',	'33'),
('Etawah',	'3323',	'33'),
('Faizabad',	'3324',	'33'),
('Farrukhabad',	'3325',	'33'),
('Fatehpur',	'3326',	'33'),
('Firozabad',	'3327',	'33'),
('Gautam Buddha Nagar',	'3328',	'33'),
('Ghaziabad',	'3329',	'33'),
('Ghazipur',	'3330',	'33'),
('Gonda',	'3331',	'33'),
('Gorakhpur',	'3332',	'33'),
('Hamirpur',	'3333',	'33'),
('Hardoi',	'3334',	'33'),
('Hathras',	'3335',	'33'),
('Jalaun',	'3336',	'33'),
('Jaunpur',	'3337',	'33'),
('Jhansi',	'3338',	'33'),
('Jyotiba Phule Nagar',	'3339',	'33'),
('Kannauj',	'3340',	'33'),
('Kanpur Dehat',	'3341',	'33'),
('Kanpur Nagar',	'3342',	'33'),
('Kaushambi',	'3343',	'33'),
('Kheri',	'3344',	'33'),
('Kumaon',	'3345',	'33'),
('Kushinagar',	'3346',	'33'),
('Lalitpur',	'3347',	'33'),
('Lucknow',	'3348',	'33'),
('Maharajganj',	'3349',	'33'),
('Mahoba',	'3350',	'33'),
('Mainpuri',	'3351',	'33'),
('Mathura',	'3352',	'33'),
('Mau',	'3353',	'33'),
('Meerut',	'3354',	'33'),
('Mirzapur',	'3355',	'33'),
('Moradabad',	'3356',	'33'),
('Muzaffarnagar',	'3357',	'33'),
('Noida',	'3358',	'33'),
('Pilibhit',	'3359',	'33'),
('Pratapgarh',	'3360',	'33'),
('Rae Bareli',	'3361',	'33'),
('Rampur',	'3362',	'33'),
('Saharanpur',	'3363',	'33'),
('Sant Kabir Nagar',	'3364',	'33'),
('Sant Ravidas Nagar',	'3365',	'33'),
('Shahjahanpur',	'3366',	'33'),
('Shravasti',	'3367',	'33'),
('Siddharthnagar',	'3368',	'33'),
('Sitapur',	'3369',	'33'),
('Sonbhadra',	'3370',	'33'),
('Sultanpur',	'3371',	'33'),
('Unnao',	'3372',	'33'),
('Varanasi',	'3373',	'33'),
('Almora',	'3401',	'34'),
('Bageshwar',	'3402',	'34'),
('Chamoli',	'3403',	'34'),
('Champawat',	'3404',	'34'),
('Dehradun',	'3405',	'34'),
('Haridwar',	'3406',	'34'),
('Mussoorie',	'3407',	'34'),
('Nainital',	'3408',	'34'),
('Pantnagar',	'3409',	'34'),
('Pauri Garhwal',	'3410',	'34'),
('Pithoragarh',	'3411',	'34'),
('Roorkee',	'3412',	'34'),
('Rudraprayag',	'3413',	'34'),
('Tehri Garhwal',	'3414',	'34'),
('Udham Singh Nagar',	'3415',	'34'),
('Uttarkashi',	'3416',	'34'),
('Bankura',	'3501',	'35'),
('Bardhaman',	'3502',	'35'),
('Birbhum',	'3503',	'35'),
('Calcutta',	'3504',	'35'),
('Cooch Behar',	'3505',	'35'),
('Darjeeling',	'3506',	'35'),
('Durgapur',	'3507',	'35'),
('East Medinipur',	'3508',	'35'),
('Hooghly',	'3509',	'35'),
('Howrah',	'3510',	'35'),
('Jalpaiguri',	'3511',	'35'),
('Kharagpur',	'3512',	'35'),
('Malda',	'3513',	'35'),
('Murshidabad',	'3514',	'35'),
('Nadia',	'3515',	'35'),
('North 24 Parganas',	'3516',	'35'),
('North Dinajpur',	'3517',	'35'),
('Purulia',	'3518',	'35'),
('Siliguri',	'3519',	'35'),
('South 24 Parganas',	'3520',	'35'),
('South Dinajpur',	'3521',	'35'),
('West Medinipur',	'3522',	'35');

DROP TABLE IF EXISTS `all_states`;
CREATE TABLE `all_states` (
  `state_code` text COLLATE utf8mb4_general_ci,
  `state_name` text COLLATE utf8mb4_general_ci,
  `country_code` text COLLATE utf8mb4_general_ci
) ENGINE=InnoDB DEFAULT CHARSET=utf8mb4 COLLATE=utf8mb4_general_ci;

INSERT INTO `all_states` (`state_code`, `state_name`, `country_code`) VALUES
('1',	'Andaman & Nicobar [AN]',	'+91'),
('2',	'Andhra Pradesh [AP]',	'+91'),
('3',	'Arunachal Pradesh [AR]',	'+91'),
('4',	'Assam [AS]',	'+91'),
('5',	'Bihar [BH]',	'+91'),
('6',	'Chandigarh [CH]',	'+91'),
('7',	'Chhattisgarh [CG]',	'+91'),
('8',	'Dadra & Nagar Haveli [DN]',	'+91'),
('9',	'Daman & Diu [DD]',	'+91'),
('10',	'Delhi [DL]',	'+91'),
('11',	'Goa [GO]',	'+91'),
('12',	'Gujarat [GU]',	'+91'),
('13',	'Haryana [HR]',	'+91'),
('14',	'Himachal Pradesh [HP]',	'+91'),
('15',	'Jammu & Kashmir [JK]',	'+91'),
('16',	'Jharkhand [JH]',	'+91'),
('17',	'Karnataka [KR]',	'+91'),
('18',	'Kerala [KL]',	'+91'),
('19',	'Lakshadweep [LD]',	'+91'),
('20',	'Madhya Pradesh [MP]',	'+91'),
('21',	'Maharashtra [MH]',	'+91'),
('22',	'Manipur [MN]',	'+91'),
('23',	'Meghalaya [ML]',	'+91'),
('24',	'Mizoram [MM]',	'+91'),
('25',	'Nagaland [NL]',	'+91'),
('26',	'Orissa [OR]',	'+91'),
('27',	'Pondicherry [PC]',	'+91'),
('28',	'Punjab [PJ]',	'+91'),
('29',	'Rajasthan [RJ]',	'+91'),
('30',	'Sikkim [SK]',	'+91'),
('31',	'Tamil Nadu [TN]',	'+91'),
('32',	'Tripura [TR]',	'+91'),
('33',	'Uttar Pradesh [UP]',	'+91'),
('34',	'Uttaranchal [UT]',	'+91'),
('35',	'West Bengal [WB]',	'+91');

DROP TABLE IF EXISTS `failed_jobs`;
CREATE TABLE `failed_jobs` (
  `id` bigint unsigned NOT NULL AUTO_INCREMENT,
  `uuid` varchar(255) COLLATE utf8mb4_unicode_ci NOT NULL,
  `connection` text COLLATE utf8mb4_unicode_ci NOT NULL,
  `queue` text COLLATE utf8mb4_unicode_ci NOT NULL,
  `payload` longtext COLLATE utf8mb4_unicode_ci NOT NULL,
  `exception` longtext COLLATE utf8mb4_unicode_ci NOT NULL,
  `failed_at` timestamp NOT NULL DEFAULT CURRENT_TIMESTAMP,
  PRIMARY KEY (`id`),
  UNIQUE KEY `failed_jobs_uuid_unique` (`uuid`)
) ENGINE=InnoDB DEFAULT CHARSET=utf8mb4 COLLATE=utf8mb4_unicode_ci;


DROP TABLE IF EXISTS `migrations`;
CREATE TABLE `migrations` (
  `id` int unsigned NOT NULL AUTO_INCREMENT,
  `migration` varchar(255) COLLATE utf8mb4_unicode_ci NOT NULL,
  `batch` int NOT NULL,
  PRIMARY KEY (`id`)
) ENGINE=InnoDB DEFAULT CHARSET=utf8mb4 COLLATE=utf8mb4_unicode_ci;

INSERT INTO `migrations` (`id`, `migration`, `batch`) VALUES
(1,	'2014_10_12_000000_create_users_table',	1),
(2,	'2014_10_12_100000_create_password_reset_tokens_table',	1),
(3,	'2014_10_12_100000_create_password_resets_table',	1),
(4,	'2019_08_19_000000_create_failed_jobs_table',	1),
(5,	'2019_12_14_000001_create_personal_access_tokens_table',	1),
(6,	'2023_07_24_152752_create_user_details_table',	2),
(7,	'2023_07_25_103356_add_referred_by_in_user_details_table',	3),
(8,	'2023_07_25_103424_add_pwd_status_in_users_table',	4),
(9,	'2023_07_26_141312_add_image_to_user_details_table',	5),
(10,	'2023_08_02_173258_add_fields_user_details_table',	6),
(11,	'2023_08_07_024752_create_ranks_table',	7),
(12,	'2023_08_23_170545_add_fields_to_user_details_table',	8),
(13,	'2023_08_23_173817_add_cityfields_to_user_details_table',	9),
(20,	'2023_09_02_114231_create_users_org_table',	10),
(21,	'2023_09_02_114239_create_users_details_org_table',	10);

DROP TABLE IF EXISTS `password_reset_tokens`;
CREATE TABLE `password_reset_tokens` (
  `email` varchar(255) COLLATE utf8mb4_unicode_ci NOT NULL,
  `token` varchar(255) COLLATE utf8mb4_unicode_ci NOT NULL,
  `created_at` timestamp NULL DEFAULT NULL,
  PRIMARY KEY (`email`)
) ENGINE=InnoDB DEFAULT CHARSET=utf8mb4 COLLATE=utf8mb4_unicode_ci;


DROP TABLE IF EXISTS `password_resets`;
CREATE TABLE `password_resets` (
  `email` varchar(255) COLLATE utf8mb4_unicode_ci NOT NULL,
  `token` varchar(255) COLLATE utf8mb4_unicode_ci NOT NULL,
  `created_at` timestamp NULL DEFAULT NULL,
  KEY `password_resets_email_index` (`email`)
) ENGINE=InnoDB DEFAULT CHARSET=utf8mb4 COLLATE=utf8mb4_unicode_ci;


DROP TABLE IF EXISTS `personal_access_tokens`;
CREATE TABLE `personal_access_tokens` (
  `id` bigint unsigned NOT NULL AUTO_INCREMENT,
  `tokenable_type` varchar(255) COLLATE utf8mb4_unicode_ci NOT NULL,
  `tokenable_id` bigint unsigned NOT NULL,
  `name` varchar(255) COLLATE utf8mb4_unicode_ci NOT NULL,
  `token` varchar(64) COLLATE utf8mb4_unicode_ci NOT NULL,
  `abilities` text COLLATE utf8mb4_unicode_ci,
  `last_used_at` timestamp NULL DEFAULT NULL,
  `expires_at` timestamp NULL DEFAULT NULL,
  `created_at` timestamp NULL DEFAULT NULL,
  `updated_at` timestamp NULL DEFAULT NULL,
  PRIMARY KEY (`id`),
  UNIQUE KEY `personal_access_tokens_token_unique` (`token`),
  KEY `personal_access_tokens_tokenable_type_tokenable_id_index` (`tokenable_type`,`tokenable_id`)
) ENGINE=InnoDB DEFAULT CHARSET=utf8mb4 COLLATE=utf8mb4_unicode_ci;


DROP TABLE IF EXISTS `ranks`;
CREATE TABLE `ranks` (
  `id` bigint unsigned NOT NULL AUTO_INCREMENT,
  `rank_name` varchar(255) COLLATE utf8mb4_unicode_ci NOT NULL,
  `rank_seq` int NOT NULL,
  `created_at` timestamp NULL DEFAULT NULL,
  `updated_at` timestamp NULL DEFAULT NULL,
  PRIMARY KEY (`id`)
) ENGINE=InnoDB DEFAULT CHARSET=utf8mb4 COLLATE=utf8mb4_unicode_ci;

INSERT INTO `ranks` (`id`, `rank_name`, `rank_seq`, `created_at`, `updated_at`) VALUES
(1,	'Business Development Executive',	1,	NULL,	NULL),
(2,	'Business Development Officer',	2,	NULL,	NULL),
(3,	'Business Development Supervisor',	3,	NULL,	NULL),
(4,	'Business Development Inspector',	4,	NULL,	NULL),
(5,	'Business Development Manager',	5,	NULL,	NULL),
(6,	'Sr. Business Development Manager I',	6,	NULL,	NULL),
(7,	'Sr. Business Development Manager II',	7,	NULL,	NULL),
(8,	'Sr. Business Development Manager III',	8,	NULL,	NULL),
(9,	'Sr. Business Development Manager IV',	9,	NULL,	NULL),
(10,	'Sr. Business Development Manager V',	10,	NULL,	NULL),
(11,	'Vice President - Business Development -1',	11,	NULL,	NULL),
(12,	'Vice President - Business Development -2',	12,	NULL,	NULL),
(13,	'Vice President - Business Development -3',	13,	NULL,	NULL),
(14,	'Vice President - Business Development -4',	14,	NULL,	NULL),
(15,	'Sr. vice President - Business Development - 1',	15,	NULL,	NULL),
(16,	'Sr. vice President - Business Development - 2',	16,	NULL,	NULL),
(17,	'Sr. vice President - Business Development - 3',	17,	NULL,	NULL),
(18,	'Sr. vice President - Business Development - 4',	18,	NULL,	NULL),
(19,	'President - Business Development - 1',	19,	NULL,	NULL),
(20,	'President - Business Development - 2',	20,	NULL,	NULL),
(21,	'President - Business Development - 3',	21,	NULL,	NULL),
(22,	'President - Business Development - 4',	22,	NULL,	NULL),
(23,	'Executive Director - Business Development - 1',	23,	NULL,	NULL),
(24,	'Executive Director - Business Development - 2',	24,	NULL,	NULL),
(25,	'Executive Director - Business Development - 3',	25,	NULL,	NULL),
(26,	'Executive Director - Business Development - 4',	26,	NULL,	NULL),
(27,	'Director - Business Development - 1',	27,	NULL,	NULL),
(28,	'Director - Business Development - 2',	28,	NULL,	NULL),
(29,	'Director - Business Development - 3',	29,	NULL,	NULL),
(30,	'Director - Business Development - 4',	30,	NULL,	NULL);

DROP TABLE IF EXISTS `user_details`;
CREATE TABLE `user_details` (
  `id` bigint unsigned NOT NULL AUTO_INCREMENT,
  `associate_name` varchar(255) COLLATE utf8mb4_unicode_ci NOT NULL,
  `first_name` varchar(255) COLLATE utf8mb4_unicode_ci DEFAULT NULL,
  `last_name` varchar(255) COLLATE utf8mb4_unicode_ci DEFAULT NULL,
  `user_id` int NOT NULL,
  `sponsor_code` varchar(255) COLLATE utf8mb4_unicode_ci NOT NULL,
  `rank` varchar(255) COLLATE utf8mb4_unicode_ci NOT NULL,
  `dob` date NOT NULL,
  `gender` enum('Male','Female') COLLATE utf8mb4_unicode_ci DEFAULT NULL,
  `pan_no` longtext COLLATE utf8mb4_unicode_ci,
  `aadhar_no` longtext COLLATE utf8mb4_unicode_ci,
  `email` longtext COLLATE utf8mb4_unicode_ci,
  `phone_no` varchar(255) COLLATE utf8mb4_unicode_ci DEFAULT NULL,
  `percentage_cat` varchar(255) COLLATE utf8mb4_unicode_ci DEFAULT NULL,
  `is_active` enum('0','1') COLLATE utf8mb4_unicode_ci NOT NULL DEFAULT '0',
  `address_line1` longtext COLLATE utf8mb4_unicode_ci,
  `address_line2` longtext COLLATE utf8mb4_unicode_ci,
  `state` int DEFAULT NULL,
  `country` int DEFAULT NULL,
  `city` int DEFAULT NULL,
  `pin` varchar(255) COLLATE utf8mb4_unicode_ci DEFAULT NULL,
  `referred_by` varchar(255) COLLATE utf8mb4_unicode_ci DEFAULT NULL,
  `country_name` varchar(255) COLLATE utf8mb4_unicode_ci DEFAULT NULL,
  `state_name` varchar(255) COLLATE utf8mb4_unicode_ci DEFAULT NULL,
  `city_name` varchar(255) COLLATE utf8mb4_unicode_ci DEFAULT NULL,
  `ifc_code` varchar(255) COLLATE utf8mb4_unicode_ci DEFAULT NULL,
  `account_number` varchar(255) COLLATE utf8mb4_unicode_ci DEFAULT NULL,
  `branch_name` varchar(255) COLLATE utf8mb4_unicode_ci DEFAULT NULL,
  `bank_name` varchar(255) COLLATE utf8mb4_unicode_ci DEFAULT NULL,
  `account_holder_name` varchar(255) COLLATE utf8mb4_unicode_ci DEFAULT NULL,
  `relation_with_nominee` varchar(255) COLLATE utf8mb4_unicode_ci DEFAULT NULL,
  `nominee_Name` varchar(255) COLLATE utf8mb4_unicode_ci DEFAULT NULL,
  `district` varchar(255) COLLATE utf8mb4_unicode_ci DEFAULT NULL,
  `guardians_name` varchar(255) COLLATE utf8mb4_unicode_ci DEFAULT NULL,
  `image` varchar(255) COLLATE utf8mb4_unicode_ci DEFAULT NULL,
  `created_at` timestamp NULL DEFAULT NULL,
  `updated_at` timestamp NULL DEFAULT NULL,
  PRIMARY KEY (`id`)
) ENGINE=InnoDB DEFAULT CHARSET=utf8mb4 COLLATE=utf8mb4_unicode_ci;

INSERT INTO `user_details` (`id`, `associate_name`, `first_name`, `last_name`, `user_id`, `sponsor_code`, `rank`, `dob`, `gender`, `pan_no`, `aadhar_no`, `email`, `phone_no`, `percentage_cat`, `is_active`, `address_line1`, `address_line2`, `state`, `country`, `city`, `pin`, `referred_by`, `country_name`, `state_name`, `city_name`, `ifc_code`, `account_number`, `branch_name`, `bank_name`, `account_holder_name`, `relation_with_nominee`, `nominee_Name`, `district`, `guardians_name`, `image`, `created_at`, `updated_at`) VALUES
(1,	'Sibsankar Chanda',	NULL,	NULL,	1,	'DVASibsa08012023',	'3',	'2023-08-01',	'Male',	'SXCGGG12',	'458855258855885',	'admin@havez.com',	'9874991147',	NULL,	'0',	'S/O AJAY CHANDA PUYAN PUNYA PASCHIM',	'MEDINIPUR WEST BENGAL 721443',	NULL,	NULL,	NULL,	'721443',	'',	'India',	'35',	'3503',	'sadasd32',	'5456465456456465464',	'master',	'Axis',	'SS cha',	'test rel',	'Test',	'Paschim medinipur',	'AJAY CHANDA',	'1693065756.png',	'2023-08-07 12:15:51',	'2023-08-30 12:19:56'),
(2,	'Raman Kumar',	NULL,	NULL,	2,	'DVARaman07122023',	'1',	'2023-07-12',	'Male',	'eeeeechffd',	'4588552588558853',	'shuva@gmail.com',	'9855665543',	NULL,	'0',	'S/O AJAY CHANDA PUYAN PUNYA PASCHIM',	'MEDINIPUR WEST BENGAL 721443',	NULL,	NULL,	NULL,	'721443',	'1',	'India',	'31',	'45',	'sadasd32',	'5456465456456465464',	'master',	'Axis',	'SS cha',	'test rel',	'Test',	'Paschim medinipur',	'Paschim medinipur',	'1692509430.png',	'2023-08-07 12:18:55',	'2023-08-23 12:19:28');

DROP TABLE IF EXISTS `users`;
CREATE TABLE `users` (
  `id` bigint unsigned NOT NULL AUTO_INCREMENT,
  `name` varchar(255) COLLATE utf8mb4_unicode_ci NOT NULL,
  `email` varchar(255) COLLATE utf8mb4_unicode_ci NOT NULL,
  `phone_no` varchar(255) COLLATE utf8mb4_unicode_ci DEFAULT NULL,
  `email_verified_at` timestamp NULL DEFAULT NULL,
  `password` varchar(255) COLLATE utf8mb4_unicode_ci NOT NULL,
  `remember_token` varchar(100) COLLATE utf8mb4_unicode_ci DEFAULT NULL,
  `pwd_status` enum('0','1') COLLATE utf8mb4_unicode_ci NOT NULL DEFAULT '0',
  `created_at` timestamp NULL DEFAULT NULL,
  `updated_at` timestamp NULL DEFAULT NULL,
  PRIMARY KEY (`id`),
  UNIQUE KEY `users_email_unique` (`email`)
) ENGINE=InnoDB DEFAULT CHARSET=utf8mb4 COLLATE=utf8mb4_unicode_ci;

INSERT INTO `users` (`id`, `name`, `email`, `phone_no`, `email_verified_at`, `password`, `remember_token`, `pwd_status`, `created_at`, `updated_at`) VALUES
(1,	'Sibsankar Chanda',	'admin@havez.com',	'9874991147',	NULL,	'$2y$10$3lLdINjiN3t5aNcuedIEXeYxViguWNmasoEMu1vZC6WPYN9eZJ71C',	NULL,	'1',	'2023-08-07 12:15:51',	'2023-09-01 23:03:13'),
(2,	'Raman Kumar',	'shuva@gmail.com',	'9855665543',	NULL,	'$2y$10$Uxyejl0K1UWyRppVpv.fX.vaTDns64mpXs1aKWmnkrd/tibhZyTmO',	NULL,	'1',	'2023-08-07 12:18:55',	'2023-08-07 12:20:05');

DROP TABLE IF EXISTS `users_details_org`;
CREATE TABLE `users_details_org` (
  `id` bigint unsigned NOT NULL AUTO_INCREMENT,
  `associate_name` varchar(255) COLLATE utf8mb4_unicode_ci DEFAULT NULL,
  `first_name` varchar(255) COLLATE utf8mb4_unicode_ci DEFAULT NULL,
  `last_name` varchar(255) COLLATE utf8mb4_unicode_ci DEFAULT NULL,
  `user_id` int DEFAULT NULL,
  `sponsor_code` varchar(255) COLLATE utf8mb4_unicode_ci DEFAULT NULL,
  `rank` varchar(255) COLLATE utf8mb4_unicode_ci DEFAULT NULL,
  `dob` date DEFAULT NULL,
  `gender` enum('Male','Female') COLLATE utf8mb4_unicode_ci DEFAULT NULL,
  `pan_no` longtext COLLATE utf8mb4_unicode_ci,
  `aadhar_no` longtext COLLATE utf8mb4_unicode_ci,
  `email` longtext COLLATE utf8mb4_unicode_ci,
  `phone_no` varchar(255) COLLATE utf8mb4_unicode_ci DEFAULT NULL,
  `percentage_cat` varchar(255) COLLATE utf8mb4_unicode_ci DEFAULT NULL,
  `is_active` enum('0','1') COLLATE utf8mb4_unicode_ci NOT NULL DEFAULT '0',
  `address_line1` longtext COLLATE utf8mb4_unicode_ci,
  `address_line2` longtext COLLATE utf8mb4_unicode_ci,
  `state` int DEFAULT NULL,
  `country` int DEFAULT NULL,
  `city` int DEFAULT NULL,
  `pin` varchar(255) COLLATE utf8mb4_unicode_ci DEFAULT NULL,
  `referred_by` varchar(255) COLLATE utf8mb4_unicode_ci DEFAULT NULL,
  `country_name` varchar(255) COLLATE utf8mb4_unicode_ci DEFAULT NULL,
  `state_name` varchar(255) COLLATE utf8mb4_unicode_ci DEFAULT NULL,
  `city_name` varchar(255) COLLATE utf8mb4_unicode_ci DEFAULT NULL,
  `ifc_code` varchar(255) COLLATE utf8mb4_unicode_ci DEFAULT NULL,
  `account_number` varchar(255) COLLATE utf8mb4_unicode_ci DEFAULT NULL,
  `branch_name` varchar(255) COLLATE utf8mb4_unicode_ci DEFAULT NULL,
  `bank_name` varchar(255) COLLATE utf8mb4_unicode_ci DEFAULT NULL,
  `account_holder_name` varchar(255) COLLATE utf8mb4_unicode_ci DEFAULT NULL,
  `relation_with_nominee` varchar(255) COLLATE utf8mb4_unicode_ci DEFAULT NULL,
  `nominee_Name` varchar(255) COLLATE utf8mb4_unicode_ci DEFAULT NULL,
  `district` varchar(255) COLLATE utf8mb4_unicode_ci DEFAULT NULL,
  `guardians_name` varchar(255) COLLATE utf8mb4_unicode_ci DEFAULT NULL,
  `image` varchar(255) COLLATE utf8mb4_unicode_ci DEFAULT NULL,
  `created_at` timestamp NULL DEFAULT NULL,
  `updated_at` timestamp NULL DEFAULT NULL,
  PRIMARY KEY (`id`)
) ENGINE=InnoDB DEFAULT CHARSET=utf8mb4 COLLATE=utf8mb4_unicode_ci;

INSERT INTO `users_details_org` (`id`, `associate_name`, `first_name`, `last_name`, `user_id`, `sponsor_code`, `rank`, `dob`, `gender`, `pan_no`, `aadhar_no`, `email`, `phone_no`, `percentage_cat`, `is_active`, `address_line1`, `address_line2`, `state`, `country`, `city`, `pin`, `referred_by`, `country_name`, `state_name`, `city_name`, `ifc_code`, `account_number`, `branch_name`, `bank_name`, `account_holder_name`, `relation_with_nominee`, `nominee_Name`, `district`, `guardians_name`, `image`, `created_at`, `updated_at`) VALUES
(352,	'Vijay Kumar Rai',	NULL,	NULL,	365,	'DMPL1000110',	'5',	NULL,	NULL,	NULL,	NULL,	NULL,	NULL,	NULL,	'0',	NULL,	NULL,	NULL,	NULL,	NULL,	NULL,	'DMPL1000105',	NULL,	NULL,	NULL,	NULL,	NULL,	NULL,	NULL,	NULL,	NULL,	NULL,	NULL,	NULL,	NULL,	'2023-09-02 09:31:14',	'2023-09-02 09:31:14'),
(353,	'Ramanand Das',	NULL,	NULL,	366,	'DMPL1000109',	'5',	NULL,	NULL,	NULL,	NULL,	NULL,	NULL,	NULL,	'0',	NULL,	NULL,	NULL,	NULL,	NULL,	NULL,	'DMPL1000105',	NULL,	NULL,	NULL,	NULL,	NULL,	NULL,	NULL,	NULL,	NULL,	NULL,	NULL,	NULL,	NULL,	'2023-09-02 09:31:14',	'2023-09-02 09:31:14'),
(354,	'Kamlesh Singh',	NULL,	NULL,	367,	'DMPL1000108',	'8',	NULL,	NULL,	NULL,	NULL,	NULL,	NULL,	NULL,	'0',	NULL,	NULL,	NULL,	NULL,	NULL,	NULL,	'DMPL1000102',	NULL,	NULL,	NULL,	NULL,	NULL,	NULL,	NULL,	NULL,	NULL,	NULL,	NULL,	NULL,	NULL,	'2023-09-02 09:31:14',	'2023-09-02 09:31:14'),
(355,	'Rina Devi',	NULL,	NULL,	368,	'DMPL1000107',	'7',	NULL,	NULL,	NULL,	NULL,	NULL,	NULL,	NULL,	'0',	NULL,	NULL,	NULL,	NULL,	NULL,	NULL,	'DMPL1000108',	NULL,	NULL,	NULL,	NULL,	NULL,	NULL,	NULL,	NULL,	NULL,	NULL,	NULL,	NULL,	NULL,	'2023-09-02 09:31:14',	'2023-09-02 09:31:14'),
(356,	'Munni Singh',	NULL,	NULL,	369,	'DMPL1000106',	'6',	NULL,	NULL,	NULL,	NULL,	NULL,	NULL,	NULL,	'0',	NULL,	NULL,	NULL,	NULL,	NULL,	NULL,	'DMPL1000107',	NULL,	NULL,	NULL,	NULL,	NULL,	NULL,	NULL,	NULL,	NULL,	NULL,	NULL,	NULL,	NULL,	'2023-09-02 09:31:14',	'2023-09-02 09:31:14'),
(357,	'Raushan Kumar',	NULL,	NULL,	370,	'DMPL1000105',	'6',	NULL,	NULL,	NULL,	NULL,	NULL,	NULL,	NULL,	'0',	NULL,	NULL,	NULL,	NULL,	NULL,	NULL,	'DMPL1000104',	NULL,	NULL,	NULL,	NULL,	NULL,	NULL,	NULL,	NULL,	NULL,	NULL,	NULL,	NULL,	NULL,	'2023-09-02 09:31:14',	'2023-09-02 09:31:14'),
(358,	'Raj Kumar',	NULL,	NULL,	371,	'DMPL1000104',	'7',	NULL,	NULL,	NULL,	NULL,	NULL,	NULL,	NULL,	'0',	NULL,	NULL,	NULL,	NULL,	NULL,	NULL,	'DMPL1000108',	NULL,	NULL,	NULL,	NULL,	NULL,	NULL,	NULL,	NULL,	NULL,	NULL,	NULL,	NULL,	NULL,	'2023-09-02 09:31:14',	'2023-09-02 09:31:14'),
(359,	'Vidya Sagar Yadav',	NULL,	NULL,	372,	'DMPL1000103',	'6',	NULL,	NULL,	NULL,	NULL,	NULL,	NULL,	NULL,	'0',	NULL,	NULL,	NULL,	NULL,	NULL,	NULL,	'DMPL1000102',	NULL,	NULL,	NULL,	NULL,	NULL,	NULL,	NULL,	NULL,	NULL,	NULL,	NULL,	NULL,	NULL,	'2023-09-02 09:31:14',	'2023-09-02 09:31:14'),
(360,	'Someshwar Rai',	NULL,	NULL,	373,	'DMPL1000101',	'10',	NULL,	NULL,	NULL,	NULL,	NULL,	NULL,	NULL,	'0',	NULL,	NULL,	NULL,	NULL,	NULL,	NULL,	'DMPL999999',	NULL,	NULL,	NULL,	NULL,	NULL,	NULL,	NULL,	NULL,	NULL,	NULL,	NULL,	NULL,	NULL,	'2023-09-02 09:31:14',	'2023-09-02 09:31:14'),
(361,	'Rama Shankar Pal',	NULL,	NULL,	374,	'DMPL1000102',	'9',	NULL,	NULL,	NULL,	NULL,	NULL,	NULL,	NULL,	'0',	NULL,	NULL,	NULL,	NULL,	NULL,	NULL,	'DMPL1000101',	NULL,	NULL,	NULL,	NULL,	NULL,	NULL,	NULL,	NULL,	NULL,	NULL,	NULL,	NULL,	NULL,	'2023-09-02 09:31:15',	'2023-09-02 09:31:15'),
(362,	'Suresh Pasad Sah',	NULL,	NULL,	375,	'DMPL1000130',	'9',	NULL,	NULL,	NULL,	NULL,	NULL,	NULL,	NULL,	'0',	NULL,	NULL,	NULL,	NULL,	NULL,	NULL,	'DMPL999999',	NULL,	NULL,	NULL,	NULL,	NULL,	NULL,	NULL,	NULL,	NULL,	NULL,	NULL,	NULL,	NULL,	'2023-09-02 09:31:15',	'2023-09-02 09:31:15'),
(363,	'Ayush Kumar',	NULL,	NULL,	376,	'DMPL1000131',	'8',	NULL,	NULL,	NULL,	NULL,	NULL,	NULL,	NULL,	'0',	NULL,	NULL,	NULL,	NULL,	NULL,	NULL,	'DMPL1000130',	NULL,	NULL,	NULL,	NULL,	NULL,	NULL,	NULL,	NULL,	NULL,	NULL,	NULL,	NULL,	NULL,	'2023-09-02 09:31:15',	'2023-09-02 09:31:15'),
(364,	'Rizwana Parbeen',	NULL,	NULL,	377,	'DMPL1000132',	'7',	NULL,	NULL,	NULL,	NULL,	NULL,	NULL,	NULL,	'0',	NULL,	NULL,	NULL,	NULL,	NULL,	NULL,	'DMPL1000131',	NULL,	NULL,	NULL,	NULL,	NULL,	NULL,	NULL,	NULL,	NULL,	NULL,	NULL,	NULL,	NULL,	'2023-09-02 09:31:15',	'2023-09-02 09:31:15'),
(365,	'Binita Devi',	NULL,	NULL,	378,	'DMPL1000136',	'7',	NULL,	NULL,	NULL,	NULL,	NULL,	NULL,	NULL,	'0',	NULL,	NULL,	NULL,	NULL,	NULL,	NULL,	'DMPL1000131',	NULL,	NULL,	NULL,	NULL,	NULL,	NULL,	NULL,	NULL,	NULL,	NULL,	NULL,	NULL,	NULL,	'2023-09-02 09:31:15',	'2023-09-02 09:31:15'),
(366,	'Subhash Kumar Yadav',	NULL,	NULL,	379,	'DMPL1000137',	'6',	NULL,	NULL,	NULL,	NULL,	NULL,	NULL,	NULL,	'0',	NULL,	NULL,	NULL,	NULL,	NULL,	NULL,	'DMPL1000136',	NULL,	NULL,	NULL,	NULL,	NULL,	NULL,	NULL,	NULL,	NULL,	NULL,	NULL,	NULL,	NULL,	'2023-09-02 09:31:15',	'2023-09-02 09:31:15'),
(367,	'Shobha Kumari',	NULL,	NULL,	380,	'DMPL1000138',	'6',	NULL,	NULL,	NULL,	NULL,	NULL,	NULL,	NULL,	'0',	NULL,	NULL,	NULL,	NULL,	NULL,	NULL,	'DMPL1000132',	NULL,	NULL,	NULL,	NULL,	NULL,	NULL,	NULL,	NULL,	NULL,	NULL,	NULL,	NULL,	NULL,	'2023-09-02 09:31:15',	'2023-09-02 09:31:15'),
(368,	'Kavita Devi',	NULL,	NULL,	381,	'DMPL1000139',	'7',	NULL,	NULL,	NULL,	NULL,	NULL,	NULL,	NULL,	'0',	NULL,	NULL,	NULL,	NULL,	NULL,	NULL,	'DMPL1000130',	NULL,	NULL,	NULL,	NULL,	NULL,	NULL,	NULL,	NULL,	NULL,	NULL,	NULL,	NULL,	NULL,	'2023-09-02 09:31:15',	'2023-09-02 09:31:15'),
(369,	'Pooja Kumari',	NULL,	NULL,	382,	'DMPL1000140',	'7',	NULL,	NULL,	NULL,	NULL,	NULL,	NULL,	NULL,	'0',	NULL,	NULL,	NULL,	NULL,	NULL,	NULL,	'DMPL1000139',	NULL,	NULL,	NULL,	NULL,	NULL,	NULL,	NULL,	NULL,	NULL,	NULL,	NULL,	NULL,	NULL,	'2023-09-02 09:31:15',	'2023-09-02 09:31:15'),
(370,	'Sunil Kumar Mandal',	NULL,	NULL,	383,	'DMPL1000141',	'7',	NULL,	NULL,	NULL,	NULL,	NULL,	NULL,	NULL,	'0',	NULL,	NULL,	NULL,	NULL,	NULL,	NULL,	'DMPL1000139',	NULL,	NULL,	NULL,	NULL,	NULL,	NULL,	NULL,	NULL,	NULL,	NULL,	NULL,	NULL,	NULL,	'2023-09-02 09:31:15',	'2023-09-02 09:31:15'),
(371,	'Sonu Kumar Yadav',	NULL,	NULL,	384,	'DMPL1000142',	'6',	NULL,	NULL,	NULL,	NULL,	NULL,	NULL,	NULL,	'0',	NULL,	NULL,	NULL,	NULL,	NULL,	NULL,	'DMPL1000141',	NULL,	NULL,	NULL,	NULL,	NULL,	NULL,	NULL,	NULL,	NULL,	NULL,	NULL,	NULL,	NULL,	'2023-09-02 09:31:15',	'2023-09-02 09:31:15'),
(372,	'Raj Kumar',	NULL,	NULL,	385,	'DMPL1000143',	'8',	NULL,	NULL,	NULL,	NULL,	NULL,	NULL,	NULL,	'0',	NULL,	NULL,	NULL,	NULL,	NULL,	NULL,	'DMPL1000102',	NULL,	NULL,	NULL,	NULL,	NULL,	NULL,	NULL,	NULL,	NULL,	NULL,	NULL,	NULL,	NULL,	'2023-09-02 09:31:15',	'2023-09-02 09:31:15'),
(373,	'Kumar Deepak',	NULL,	NULL,	386,	'DMPL1000144',	'7',	NULL,	NULL,	NULL,	NULL,	NULL,	NULL,	NULL,	'0',	NULL,	NULL,	NULL,	NULL,	NULL,	NULL,	'DMPL1000143',	NULL,	NULL,	NULL,	NULL,	NULL,	NULL,	NULL,	NULL,	NULL,	NULL,	NULL,	NULL,	NULL,	'2023-09-02 09:31:15',	'2023-09-02 09:31:15'),
(374,	'Vijay Kumar Yadav',	NULL,	NULL,	387,	'DMPL1000145',	'6',	NULL,	NULL,	NULL,	NULL,	NULL,	NULL,	NULL,	'0',	NULL,	NULL,	NULL,	NULL,	NULL,	NULL,	'DMPL1000144',	NULL,	NULL,	NULL,	NULL,	NULL,	NULL,	NULL,	NULL,	NULL,	NULL,	NULL,	NULL,	NULL,	'2023-09-02 09:31:15',	'2023-09-02 09:31:15'),
(375,	'Seema Devi',	NULL,	NULL,	388,	'DMPL1000146',	'5',	NULL,	NULL,	NULL,	NULL,	NULL,	NULL,	NULL,	'0',	NULL,	NULL,	NULL,	NULL,	NULL,	NULL,	'DMPL1000145',	NULL,	NULL,	NULL,	NULL,	NULL,	NULL,	NULL,	NULL,	NULL,	NULL,	NULL,	NULL,	NULL,	'2023-09-02 09:31:15',	'2023-09-02 09:31:15'),
(376,	'Lakshman Sharma',	NULL,	NULL,	389,	'DMPL1000147',	'4',	NULL,	NULL,	NULL,	NULL,	NULL,	NULL,	NULL,	'0',	NULL,	NULL,	NULL,	NULL,	NULL,	NULL,	'DMPL1000146',	NULL,	NULL,	NULL,	NULL,	NULL,	NULL,	NULL,	NULL,	NULL,	NULL,	NULL,	NULL,	NULL,	'2023-09-02 09:31:15',	'2023-09-02 09:31:15'),
(377,	'Vijay Kumar Sharma',	NULL,	NULL,	390,	'DMPL1000148',	'3',	NULL,	NULL,	NULL,	NULL,	NULL,	NULL,	NULL,	'0',	NULL,	NULL,	NULL,	NULL,	NULL,	NULL,	'DMPL1000147',	NULL,	NULL,	NULL,	NULL,	NULL,	NULL,	NULL,	NULL,	NULL,	NULL,	NULL,	NULL,	NULL,	'2023-09-02 09:31:16',	'2023-09-02 09:31:16'),
(378,	'Anil Kumar',	NULL,	NULL,	391,	'DMPL1000149',	'4',	NULL,	NULL,	NULL,	NULL,	NULL,	NULL,	NULL,	'0',	NULL,	NULL,	NULL,	NULL,	NULL,	NULL,	'DMPL1000146',	NULL,	NULL,	NULL,	NULL,	NULL,	NULL,	NULL,	NULL,	NULL,	NULL,	NULL,	NULL,	NULL,	'2023-09-02 09:31:16',	'2023-09-02 09:31:16'),
(379,	'Anup Kumar',	NULL,	NULL,	392,	'DMPL1000150',	'7',	'1977-01-04',	NULL,	NULL,	NULL,	NULL,	NULL,	NULL,	'0',	NULL,	NULL,	NULL,	NULL,	NULL,	NULL,	'DMPL1000143',	NULL,	NULL,	NULL,	NULL,	NULL,	NULL,	NULL,	NULL,	NULL,	NULL,	NULL,	NULL,	NULL,	'2023-09-02 09:31:16',	'2023-09-02 09:31:16'),
(380,	'Jai Deo',	NULL,	NULL,	393,	'DMPL1000151',	'6',	'1970-07-13',	NULL,	NULL,	NULL,	NULL,	NULL,	NULL,	'0',	NULL,	NULL,	NULL,	NULL,	NULL,	NULL,	'DMPL1000144',	NULL,	NULL,	NULL,	NULL,	NULL,	NULL,	NULL,	NULL,	NULL,	NULL,	NULL,	NULL,	NULL,	'2023-09-02 09:31:16',	'2023-09-02 09:31:16'),
(381,	'Ajay Kumar',	NULL,	NULL,	394,	'DMPL1000152',	'5',	'1979-06-15',	NULL,	NULL,	NULL,	NULL,	NULL,	NULL,	'0',	NULL,	NULL,	NULL,	NULL,	NULL,	NULL,	'DMPL1000151',	NULL,	NULL,	NULL,	NULL,	NULL,	NULL,	NULL,	NULL,	NULL,	NULL,	NULL,	NULL,	NULL,	'2023-09-02 09:31:16',	'2023-09-02 09:31:16'),
(382,	'Rohit Kumar Gupta',	NULL,	NULL,	395,	'DMPL1000153',	'4',	'1981-01-17',	NULL,	NULL,	NULL,	NULL,	NULL,	NULL,	'0',	NULL,	NULL,	NULL,	NULL,	NULL,	NULL,	'DMPL1000146',	NULL,	NULL,	NULL,	NULL,	NULL,	NULL,	NULL,	NULL,	NULL,	NULL,	NULL,	NULL,	NULL,	'2023-09-02 09:31:16',	'2023-09-02 09:31:16'),
(383,	'Ranjit Kumar Mishra',	NULL,	NULL,	396,	'DMPL1000154',	'4',	'1973-09-23',	NULL,	NULL,	NULL,	NULL,	NULL,	NULL,	'0',	NULL,	NULL,	NULL,	NULL,	NULL,	NULL,	'DMPL1000144',	NULL,	NULL,	NULL,	NULL,	NULL,	NULL,	NULL,	NULL,	NULL,	NULL,	NULL,	NULL,	NULL,	'2023-09-02 09:31:16',	'2023-09-02 09:31:16'),
(384,	'Kanchan Kumari',	NULL,	NULL,	397,	'DMPL1000155',	'3',	'1977-12-20',	NULL,	NULL,	NULL,	NULL,	NULL,	NULL,	'0',	NULL,	NULL,	NULL,	NULL,	NULL,	NULL,	'DMPL1000154',	NULL,	NULL,	NULL,	NULL,	NULL,	NULL,	NULL,	NULL,	NULL,	NULL,	NULL,	NULL,	NULL,	'2023-09-02 09:31:16',	'2023-09-02 09:31:16'),
(385,	'Law Kumar Singh',	NULL,	NULL,	398,	'DMPL1000156',	'4',	'1959-01-21',	NULL,	NULL,	NULL,	NULL,	NULL,	NULL,	'0',	NULL,	NULL,	NULL,	NULL,	NULL,	NULL,	'DMPL1000146',	NULL,	NULL,	NULL,	NULL,	NULL,	NULL,	NULL,	NULL,	NULL,	NULL,	NULL,	NULL,	NULL,	'2023-09-02 09:31:16',	'2023-09-02 09:31:16'),
(386,	'Babita Devi',	NULL,	NULL,	399,	'DMPL1000157',	'5',	'1980-09-05',	NULL,	NULL,	NULL,	NULL,	NULL,	NULL,	'0',	NULL,	NULL,	NULL,	NULL,	NULL,	NULL,	'DMPL1000145',	NULL,	NULL,	NULL,	NULL,	NULL,	NULL,	NULL,	NULL,	NULL,	NULL,	NULL,	NULL,	NULL,	'2023-09-02 09:31:16',	'2023-09-02 09:31:16'),
(387,	'Saraswati Devi',	NULL,	NULL,	400,	'DMPL1000158',	'4',	'1981-04-29',	NULL,	NULL,	NULL,	NULL,	NULL,	NULL,	'0',	NULL,	NULL,	NULL,	NULL,	NULL,	NULL,	'DMPL1000157',	NULL,	NULL,	NULL,	NULL,	NULL,	NULL,	NULL,	NULL,	NULL,	NULL,	NULL,	NULL,	NULL,	'2023-09-02 09:31:16',	'2023-09-02 09:31:16'),
(388,	'Shobha Devi',	NULL,	NULL,	401,	'DMPL1000159',	'3',	'1989-03-07',	NULL,	NULL,	NULL,	NULL,	NULL,	NULL,	'0',	NULL,	NULL,	NULL,	NULL,	NULL,	NULL,	'DMPL1000158',	NULL,	NULL,	NULL,	NULL,	NULL,	NULL,	NULL,	NULL,	NULL,	NULL,	NULL,	NULL,	NULL,	'2023-09-02 09:31:16',	'2023-09-02 09:31:16'),
(389,	'Bikrmaditya',	NULL,	NULL,	402,	'DMPL1000160',	'3',	'1979-08-20',	NULL,	NULL,	NULL,	NULL,	NULL,	NULL,	'0',	NULL,	NULL,	NULL,	NULL,	NULL,	NULL,	'DMPL1000154',	NULL,	NULL,	NULL,	NULL,	NULL,	NULL,	NULL,	NULL,	NULL,	NULL,	NULL,	NULL,	NULL,	'2023-09-02 09:31:16',	'2023-09-02 09:31:16'),
(390,	'Umesh Kumar',	NULL,	NULL,	403,	'DMPL1000161',	'4',	'1968-01-11',	NULL,	NULL,	NULL,	NULL,	NULL,	NULL,	'0',	NULL,	NULL,	NULL,	NULL,	NULL,	NULL,	'DMPL1000157',	NULL,	NULL,	NULL,	NULL,	NULL,	NULL,	NULL,	NULL,	NULL,	NULL,	NULL,	NULL,	NULL,	'2023-09-02 09:31:16',	'2023-09-02 09:31:16'),
(391,	'Harakh Nath Singh',	NULL,	NULL,	404,	'DMPL1000162',	'3',	'1951-01-02',	NULL,	NULL,	NULL,	NULL,	NULL,	NULL,	'0',	NULL,	NULL,	NULL,	NULL,	NULL,	NULL,	'DMPL1000161',	NULL,	NULL,	NULL,	NULL,	NULL,	NULL,	NULL,	NULL,	NULL,	NULL,	NULL,	NULL,	NULL,	'2023-09-02 09:31:16',	'2023-09-02 09:31:16'),
(392,	'Dinesh Prasad',	NULL,	NULL,	405,	'DMPL1000163',	'4',	'1967-12-28',	NULL,	NULL,	NULL,	NULL,	NULL,	NULL,	'0',	NULL,	NULL,	NULL,	NULL,	NULL,	NULL,	'DMPL1000157',	NULL,	NULL,	NULL,	NULL,	NULL,	NULL,	NULL,	NULL,	NULL,	NULL,	NULL,	NULL,	NULL,	'2023-09-02 09:31:16',	'2023-09-02 09:31:16'),
(393,	'Ramanuj Choudhary',	NULL,	NULL,	406,	'DMPL1000164',	'3',	'1968-02-05',	NULL,	NULL,	NULL,	NULL,	NULL,	NULL,	'0',	NULL,	NULL,	NULL,	NULL,	NULL,	NULL,	'DMPL1000163',	NULL,	NULL,	NULL,	NULL,	NULL,	NULL,	NULL,	NULL,	NULL,	NULL,	NULL,	NULL,	NULL,	'2023-09-02 09:31:16',	'2023-09-02 09:31:16'),
(394,	'Avinash Kumar',	NULL,	NULL,	407,	'DMPL1000165',	'3',	'1993-05-09',	NULL,	NULL,	NULL,	NULL,	NULL,	NULL,	'0',	NULL,	NULL,	NULL,	NULL,	NULL,	NULL,	'DMPL1000163',	NULL,	NULL,	NULL,	NULL,	NULL,	NULL,	NULL,	NULL,	NULL,	NULL,	NULL,	NULL,	NULL,	'2023-09-02 09:31:17',	'2023-09-02 09:31:17'),
(395,	'Rajkumari Devi',	NULL,	NULL,	408,	'DMPL1000166',	'2',	'1978-01-01',	NULL,	NULL,	NULL,	NULL,	NULL,	NULL,	'0',	NULL,	NULL,	NULL,	NULL,	NULL,	NULL,	'DMPL1000159',	NULL,	NULL,	NULL,	NULL,	NULL,	NULL,	NULL,	NULL,	NULL,	NULL,	NULL,	NULL,	NULL,	'2023-09-02 09:31:17',	'2023-09-02 09:31:17'),
(396,	'Sabita Devi',	NULL,	NULL,	409,	'DMPL1000167',	'5',	'1994-01-05',	NULL,	NULL,	NULL,	NULL,	NULL,	NULL,	'0',	NULL,	NULL,	NULL,	NULL,	NULL,	NULL,	'DMPL1000145',	NULL,	NULL,	NULL,	NULL,	NULL,	NULL,	NULL,	NULL,	NULL,	NULL,	NULL,	NULL,	NULL,	'2023-09-02 09:31:17',	'2023-09-02 09:31:17'),
(397,	'Vijay Kumar Rai',	NULL,	NULL,	410,	'DMPL1000168',	'6',	NULL,	NULL,	NULL,	NULL,	NULL,	NULL,	NULL,	'0',	NULL,	NULL,	NULL,	NULL,	NULL,	NULL,	'DMPL1000144',	NULL,	NULL,	NULL,	NULL,	NULL,	NULL,	NULL,	NULL,	NULL,	NULL,	NULL,	NULL,	NULL,	'2023-09-02 09:31:17',	'2023-09-02 09:31:17'),
(398,	'Rohit Priyadarshi',	NULL,	NULL,	411,	'DMPL1000169',	'5',	'1994-01-05',	NULL,	NULL,	NULL,	NULL,	NULL,	NULL,	'0',	NULL,	NULL,	NULL,	NULL,	NULL,	NULL,	'.',	NULL,	NULL,	NULL,	NULL,	NULL,	NULL,	NULL,	NULL,	NULL,	NULL,	NULL,	NULL,	NULL,	'2023-09-02 09:31:17',	'2023-09-02 09:31:17'),
(399,	'Chandra Kant Pandey',	NULL,	NULL,	412,	'DMPL1000170',	'4',	NULL,	NULL,	NULL,	NULL,	NULL,	NULL,	NULL,	'0',	NULL,	NULL,	NULL,	NULL,	NULL,	NULL,	'DMPL1000169',	NULL,	NULL,	NULL,	NULL,	NULL,	NULL,	NULL,	NULL,	NULL,	NULL,	NULL,	NULL,	NULL,	'2023-09-02 09:31:17',	'2023-09-02 09:31:17'),
(400,	'Damyanti Kumari',	NULL,	NULL,	413,	'DMPL1000171',	'4',	'1976-01-01',	NULL,	NULL,	NULL,	NULL,	NULL,	NULL,	'0',	NULL,	NULL,	NULL,	NULL,	NULL,	NULL,	'DMPL1000169',	NULL,	NULL,	NULL,	NULL,	NULL,	NULL,	NULL,	NULL,	NULL,	NULL,	NULL,	NULL,	NULL,	'2023-09-02 09:31:17',	'2023-09-02 09:31:17'),
(401,	'Nityanand Chaudhari',	NULL,	NULL,	414,	'DMPL1000172',	'4',	'1987-01-20',	NULL,	NULL,	NULL,	NULL,	NULL,	NULL,	'0',	NULL,	NULL,	NULL,	NULL,	NULL,	NULL,	'DMPL1000169',	NULL,	NULL,	NULL,	NULL,	NULL,	NULL,	NULL,	NULL,	NULL,	NULL,	NULL,	NULL,	NULL,	'2023-09-02 09:31:17',	'2023-09-02 09:31:17'),
(402,	'Rahul Kumar',	NULL,	NULL,	415,	'DMPL1000173',	'3',	'1993-07-31',	NULL,	NULL,	NULL,	NULL,	NULL,	NULL,	'0',	NULL,	NULL,	NULL,	NULL,	NULL,	NULL,	'DMPL1000171',	NULL,	NULL,	NULL,	NULL,	NULL,	NULL,	NULL,	NULL,	NULL,	NULL,	NULL,	NULL,	NULL,	'2023-09-02 09:31:17',	'2023-09-02 09:31:17'),
(403,	'Nirbhay Kumar Singh',	NULL,	NULL,	416,	'DMPL1000174',	'6',	'1972-05-05',	NULL,	NULL,	NULL,	NULL,	NULL,	NULL,	'0',	NULL,	NULL,	NULL,	NULL,	NULL,	NULL,	'DMPL1000150',	NULL,	NULL,	NULL,	NULL,	NULL,	NULL,	NULL,	NULL,	NULL,	NULL,	NULL,	NULL,	NULL,	'2023-09-02 09:31:17',	'2023-09-02 09:31:17'),
(404,	'Anil Kumar',	NULL,	NULL,	417,	'DMPL1000175',	'5',	'1980-01-01',	NULL,	NULL,	NULL,	NULL,	NULL,	NULL,	'0',	NULL,	NULL,	NULL,	NULL,	NULL,	NULL,	'DMPL1000174',	NULL,	NULL,	NULL,	NULL,	NULL,	NULL,	NULL,	NULL,	NULL,	NULL,	NULL,	NULL,	NULL,	'2023-09-02 09:31:17',	'2023-09-02 09:31:17'),
(405,	'Dinesh Kumar Singh',	NULL,	NULL,	418,	'DMPL1000176',	'5',	'1973-04-03',	NULL,	NULL,	NULL,	NULL,	NULL,	NULL,	'0',	NULL,	NULL,	NULL,	NULL,	NULL,	NULL,	'DMPL1000174',	NULL,	NULL,	NULL,	NULL,	NULL,	NULL,	NULL,	NULL,	NULL,	NULL,	NULL,	NULL,	NULL,	'2023-09-02 09:31:17',	'2023-09-02 09:31:17'),
(406,	'Rama Shankar Singh',	NULL,	NULL,	419,	'DMPL1000177',	'5',	'1961-01-20',	NULL,	NULL,	NULL,	NULL,	NULL,	NULL,	'0',	NULL,	NULL,	NULL,	NULL,	NULL,	NULL,	'DMPL1000174',	NULL,	NULL,	NULL,	NULL,	NULL,	NULL,	NULL,	NULL,	NULL,	NULL,	NULL,	NULL,	NULL,	'2023-09-02 09:31:17',	'2023-09-02 09:31:17'),
(407,	'Lalsa Devi',	NULL,	NULL,	420,	'DMPL1000178',	'4',	'1974-08-05',	NULL,	NULL,	NULL,	NULL,	NULL,	NULL,	'0',	NULL,	NULL,	NULL,	NULL,	NULL,	NULL,	'DMPL1000177',	NULL,	NULL,	NULL,	NULL,	NULL,	NULL,	NULL,	NULL,	NULL,	NULL,	NULL,	NULL,	NULL,	'2023-09-02 09:31:17',	'2023-09-02 09:31:17'),
(408,	'Kusum Devi',	NULL,	NULL,	421,	'DMPL1000179',	'7',	'1974-08-05',	NULL,	NULL,	NULL,	NULL,	NULL,	NULL,	'0',	NULL,	NULL,	NULL,	NULL,	NULL,	NULL,	'DMPL1000143',	NULL,	NULL,	NULL,	NULL,	NULL,	NULL,	NULL,	NULL,	NULL,	NULL,	NULL,	NULL,	NULL,	'2023-09-02 09:31:17',	'2023-09-02 09:31:17'),
(409,	'Sardar Ram',	NULL,	NULL,	422,	'DMPL1000180',	'4',	'1959-01-20',	NULL,	NULL,	NULL,	NULL,	NULL,	NULL,	'0',	NULL,	NULL,	NULL,	NULL,	NULL,	NULL,	'DMPL1000175',	NULL,	NULL,	NULL,	NULL,	NULL,	NULL,	NULL,	NULL,	NULL,	NULL,	NULL,	NULL,	NULL,	'2023-09-02 09:31:17',	'2023-09-02 09:31:17'),
(410,	'Manoj Kumar Singh',	NULL,	NULL,	423,	'DMPL1000181',	'4',	'1976-02-05',	NULL,	NULL,	NULL,	NULL,	NULL,	NULL,	'0',	NULL,	NULL,	NULL,	NULL,	NULL,	NULL,	'DMPL1000175',	NULL,	NULL,	NULL,	NULL,	NULL,	NULL,	NULL,	NULL,	NULL,	NULL,	NULL,	NULL,	NULL,	'2023-09-02 09:31:18',	'2023-09-02 09:31:18'),
(411,	'Prem Shankar Singh',	NULL,	NULL,	424,	'DMPL1000182',	'5',	'1967-08-15',	NULL,	NULL,	NULL,	NULL,	NULL,	NULL,	'0',	NULL,	NULL,	NULL,	NULL,	NULL,	NULL,	'DMPL1000174',	NULL,	NULL,	NULL,	NULL,	NULL,	NULL,	NULL,	NULL,	NULL,	NULL,	NULL,	NULL,	NULL,	'2023-09-02 09:31:18',	'2023-09-02 09:31:18'),
(412,	'Vinod Singh',	NULL,	NULL,	425,	'DMPL1000183',	'4',	'1977-01-01',	NULL,	NULL,	NULL,	NULL,	NULL,	NULL,	'0',	NULL,	NULL,	NULL,	NULL,	NULL,	NULL,	'DMPL1000175',	NULL,	NULL,	NULL,	NULL,	NULL,	NULL,	NULL,	NULL,	NULL,	NULL,	NULL,	NULL,	NULL,	'2023-09-02 09:31:18',	'2023-09-02 09:31:18'),
(413,	'Bikarma Singh',	NULL,	NULL,	426,	'DMPL1000184',	'4',	'1975-04-04',	NULL,	NULL,	NULL,	NULL,	NULL,	NULL,	'0',	NULL,	NULL,	NULL,	NULL,	NULL,	NULL,	'DMPL1000174',	NULL,	NULL,	NULL,	NULL,	NULL,	NULL,	NULL,	NULL,	NULL,	NULL,	NULL,	NULL,	NULL,	'2023-09-02 09:31:18',	'2023-09-02 09:31:18'),
(414,	'Rinku Devi',	NULL,	NULL,	427,	'DMPL1000185',	'2',	'1989-01-01',	NULL,	NULL,	NULL,	NULL,	NULL,	NULL,	'0',	NULL,	NULL,	NULL,	NULL,	NULL,	NULL,	'DMPL1000219',	NULL,	NULL,	NULL,	NULL,	NULL,	NULL,	NULL,	NULL,	NULL,	NULL,	NULL,	NULL,	NULL,	'2023-09-02 09:31:18',	'2023-09-02 09:31:18'),
(415,	'Sunil Ram',	NULL,	NULL,	428,	'DMPL1000186',	'4',	'1984-08-19',	NULL,	NULL,	NULL,	NULL,	NULL,	NULL,	'0',	NULL,	NULL,	NULL,	NULL,	NULL,	NULL,	'DMPL1000175',	NULL,	NULL,	NULL,	NULL,	NULL,	NULL,	NULL,	NULL,	NULL,	NULL,	NULL,	NULL,	NULL,	'2023-09-02 09:31:18',	'2023-09-02 09:31:18'),
(416,	'Shrukrishna',	NULL,	NULL,	429,	'DMPL1000187',	'3',	'1991-01-01',	NULL,	NULL,	NULL,	NULL,	NULL,	NULL,	'0',	NULL,	NULL,	NULL,	NULL,	NULL,	NULL,	'DMPL1000186',	NULL,	NULL,	NULL,	NULL,	NULL,	NULL,	NULL,	NULL,	NULL,	NULL,	NULL,	NULL,	NULL,	'2023-09-02 09:31:18',	'2023-09-02 09:31:18'),
(417,	'Amod Kumar Ram',	NULL,	NULL,	430,	'DMPL1000188',	'3',	'1998-11-04',	NULL,	NULL,	NULL,	NULL,	NULL,	NULL,	'0',	NULL,	NULL,	NULL,	NULL,	NULL,	NULL,	'DMPL1000186',	NULL,	NULL,	NULL,	NULL,	NULL,	NULL,	NULL,	NULL,	NULL,	NULL,	NULL,	NULL,	NULL,	'2023-09-02 09:31:18',	'2023-09-02 09:31:18'),
(418,	'Jitendra Paswan',	NULL,	NULL,	431,	'DMPL1000189',	'3',	'1990-03-05',	NULL,	NULL,	NULL,	NULL,	NULL,	NULL,	'0',	NULL,	NULL,	NULL,	NULL,	NULL,	NULL,	'DMPL1000180',	NULL,	NULL,	NULL,	NULL,	NULL,	NULL,	NULL,	NULL,	NULL,	NULL,	NULL,	NULL,	NULL,	'2023-09-02 09:31:18',	'2023-09-02 09:31:18'),
(419,	'Astami Pramanik',	NULL,	NULL,	432,	'DMPL1000190',	'1',	'1994-01-01',	NULL,	NULL,	NULL,	NULL,	NULL,	NULL,	'0',	NULL,	NULL,	NULL,	NULL,	NULL,	NULL,	'DMPL1000185',	NULL,	NULL,	NULL,	NULL,	NULL,	NULL,	NULL,	NULL,	NULL,	NULL,	NULL,	NULL,	NULL,	'2023-09-02 09:31:18',	'2023-09-02 09:31:18'),
(420,	'Shila Devi',	NULL,	NULL,	433,	'DMPL1000191',	'1',	'1978-05-06',	NULL,	NULL,	NULL,	NULL,	NULL,	NULL,	'0',	NULL,	NULL,	NULL,	NULL,	NULL,	NULL,	'DMPL1000190',	NULL,	NULL,	NULL,	NULL,	NULL,	NULL,	NULL,	NULL,	NULL,	NULL,	NULL,	NULL,	NULL,	'2023-09-02 09:31:18',	'2023-09-02 09:31:18'),
(421,	'Satyangan Devi',	NULL,	NULL,	434,	'DMPL1000192',	'1',	'1990-10-05',	NULL,	NULL,	NULL,	NULL,	NULL,	NULL,	'0',	NULL,	NULL,	NULL,	NULL,	NULL,	NULL,	'DMPL1000190',	NULL,	NULL,	NULL,	NULL,	NULL,	NULL,	NULL,	NULL,	NULL,	NULL,	NULL,	NULL,	NULL,	'2023-09-02 09:31:18',	'2023-09-02 09:31:18'),
(422,	'Usha Devi',	NULL,	NULL,	435,	'DMPL1000193',	'1',	'1977-12-20',	NULL,	NULL,	NULL,	NULL,	NULL,	NULL,	'0',	NULL,	NULL,	NULL,	NULL,	NULL,	NULL,	'DMPL1000185',	NULL,	NULL,	NULL,	NULL,	NULL,	NULL,	NULL,	NULL,	NULL,	NULL,	NULL,	NULL,	NULL,	'2023-09-02 09:31:18',	'2023-09-02 09:31:18'),
(423,	'Priyanka Kumari',	NULL,	NULL,	436,	'DMPL1000194',	'4',	'1998-12-21',	NULL,	NULL,	NULL,	NULL,	NULL,	NULL,	'0',	NULL,	NULL,	NULL,	NULL,	NULL,	NULL,	'DMPL1000175',	NULL,	NULL,	NULL,	NULL,	NULL,	NULL,	NULL,	NULL,	NULL,	NULL,	NULL,	NULL,	NULL,	'2023-09-02 09:31:18',	'2023-09-02 09:31:18'),
(424,	'Chitaranjan Prasad Singh',	NULL,	NULL,	437,	'DMPL1000195',	'4',	NULL,	NULL,	NULL,	NULL,	NULL,	NULL,	NULL,	'0',	NULL,	NULL,	NULL,	NULL,	NULL,	NULL,	'DMPL1000175',	NULL,	NULL,	NULL,	NULL,	NULL,	NULL,	NULL,	NULL,	NULL,	NULL,	NULL,	NULL,	NULL,	'2023-09-02 09:31:18',	'2023-09-02 09:31:18'),
(425,	'Harendra Kumar',	NULL,	NULL,	438,	'DMPL1000196',	'3',	'1986-09-25',	NULL,	NULL,	NULL,	NULL,	NULL,	NULL,	'0',	NULL,	NULL,	NULL,	NULL,	NULL,	NULL,	'DMPL1000195',	NULL,	NULL,	NULL,	NULL,	NULL,	NULL,	NULL,	NULL,	NULL,	NULL,	NULL,	NULL,	NULL,	'2023-09-02 09:31:18',	'2023-09-02 09:31:18'),
(426,	'Ram Sharan Mishra',	NULL,	NULL,	439,	'DMPL1000197',	'3',	'1975-01-01',	NULL,	NULL,	NULL,	NULL,	NULL,	NULL,	'0',	NULL,	NULL,	NULL,	NULL,	NULL,	NULL,	'DMPL1000194',	NULL,	NULL,	NULL,	NULL,	NULL,	NULL,	NULL,	NULL,	NULL,	NULL,	NULL,	NULL,	NULL,	'2023-09-02 09:31:19',	'2023-09-02 09:31:19'),
(427,	'Mahendra Mahato',	NULL,	NULL,	440,	'DMPL1000198',	'2',	'1999-01-01',	NULL,	NULL,	NULL,	NULL,	NULL,	NULL,	'0',	NULL,	NULL,	NULL,	NULL,	NULL,	NULL,	'DMPL1000197',	NULL,	NULL,	NULL,	NULL,	NULL,	NULL,	NULL,	NULL,	NULL,	NULL,	NULL,	NULL,	NULL,	'2023-09-02 09:31:19',	'2023-09-02 09:31:19'),
(428,	'Hari Pada Kumar',	NULL,	NULL,	441,	'DMPL1000199',	'4',	'1982-05-10',	NULL,	NULL,	NULL,	NULL,	NULL,	NULL,	'0',	NULL,	NULL,	NULL,	NULL,	NULL,	NULL,	'DMPL1000175',	NULL,	NULL,	NULL,	NULL,	NULL,	NULL,	NULL,	NULL,	NULL,	NULL,	NULL,	NULL,	NULL,	'2023-09-02 09:31:19',	'2023-09-02 09:31:19'),
(429,	'Dipali Kumbhakar',	NULL,	NULL,	442,	'DMPL1000200',	'3',	'1991-12-15',	NULL,	NULL,	NULL,	NULL,	NULL,	NULL,	'0',	NULL,	NULL,	NULL,	NULL,	NULL,	NULL,	'DMPL1000199',	NULL,	NULL,	NULL,	NULL,	NULL,	NULL,	NULL,	NULL,	NULL,	NULL,	NULL,	NULL,	NULL,	'2023-09-02 09:31:19',	'2023-09-02 09:31:19'),
(430,	'Urmila Kumbhakar',	NULL,	NULL,	443,	'DMPL1000201',	'2',	'1996-09-28',	NULL,	NULL,	NULL,	NULL,	NULL,	NULL,	'0',	NULL,	NULL,	NULL,	NULL,	NULL,	NULL,	'DMPL1000200',	NULL,	NULL,	NULL,	NULL,	NULL,	NULL,	NULL,	NULL,	NULL,	NULL,	NULL,	NULL,	NULL,	'2023-09-02 09:31:19',	'2023-09-02 09:31:19'),
(431,	'Bhutesh Chandra Kumbhakar',	NULL,	NULL,	444,	'DMPL1000202',	'3',	'1981-07-01',	NULL,	NULL,	NULL,	NULL,	NULL,	NULL,	'0',	NULL,	NULL,	NULL,	NULL,	NULL,	NULL,	'DMPL1000199',	NULL,	NULL,	NULL,	NULL,	NULL,	NULL,	NULL,	NULL,	NULL,	NULL,	NULL,	NULL,	NULL,	'2023-09-02 09:31:19',	'2023-09-02 09:31:19'),
(432,	'Umesh Chandra Kumbhakar',	NULL,	NULL,	445,	'DMPL1000203',	'4',	'1989-01-21',	NULL,	NULL,	NULL,	NULL,	NULL,	NULL,	'0',	NULL,	NULL,	NULL,	NULL,	NULL,	NULL,	'DMPL1000199',	NULL,	NULL,	NULL,	NULL,	NULL,	NULL,	NULL,	NULL,	NULL,	NULL,	NULL,	NULL,	NULL,	'2023-09-02 09:31:19',	'2023-09-02 09:31:19'),
(433,	'Barnali Nag',	NULL,	NULL,	446,	'DMPL1000204',	'2',	'1983-03-01',	NULL,	NULL,	NULL,	NULL,	NULL,	NULL,	'0',	NULL,	NULL,	NULL,	NULL,	NULL,	NULL,	'DMPL1000194',	NULL,	NULL,	NULL,	NULL,	NULL,	NULL,	NULL,	NULL,	NULL,	NULL,	NULL,	NULL,	NULL,	'2023-09-02 09:31:19',	'2023-09-02 09:31:19'),
(434,	'Siyasharan Prasad',	NULL,	NULL,	447,	'DMPL1000205',	'2',	'1954-08-22',	NULL,	NULL,	NULL,	NULL,	NULL,	NULL,	'0',	NULL,	NULL,	NULL,	NULL,	NULL,	NULL,	'DMPL1000200',	NULL,	NULL,	NULL,	NULL,	NULL,	NULL,	NULL,	NULL,	NULL,	NULL,	NULL,	NULL,	NULL,	'2023-09-02 09:31:19',	'2023-09-02 09:31:19'),
(435,	'Pushpa Rani Kumbhakar',	NULL,	NULL,	448,	'DMPL1000206',	'2',	'1992-01-03',	NULL,	NULL,	NULL,	NULL,	NULL,	NULL,	'0',	NULL,	NULL,	NULL,	NULL,	NULL,	NULL,	'DMPL1000200',	NULL,	NULL,	NULL,	NULL,	NULL,	NULL,	NULL,	NULL,	NULL,	NULL,	NULL,	NULL,	NULL,	'2023-09-02 09:31:19',	'2023-09-02 09:31:19'),
(436,	'Putul Ram',	NULL,	NULL,	449,	'DMPL1000207',	'4',	NULL,	NULL,	NULL,	NULL,	NULL,	NULL,	NULL,	'0',	NULL,	NULL,	NULL,	NULL,	NULL,	NULL,	'DMPL1000180',	NULL,	NULL,	NULL,	NULL,	NULL,	NULL,	NULL,	NULL,	NULL,	NULL,	NULL,	NULL,	NULL,	'2023-09-02 09:31:19',	'2023-09-02 09:31:19'),
(437,	'Tara Kumhkar',	NULL,	NULL,	450,	'DMPL1000208',	'4',	'1990-01-04',	NULL,	NULL,	NULL,	NULL,	NULL,	NULL,	'0',	NULL,	NULL,	NULL,	NULL,	NULL,	NULL,	'DMPL1000175',	NULL,	NULL,	NULL,	NULL,	NULL,	NULL,	NULL,	NULL,	NULL,	NULL,	NULL,	NULL,	NULL,	'2023-09-02 09:31:19',	'2023-09-02 09:31:19'),
(438,	'Rabani Mahali',	NULL,	NULL,	451,	'DMPL1000209',	'3',	'2000-03-06',	NULL,	NULL,	NULL,	NULL,	NULL,	NULL,	'0',	NULL,	NULL,	NULL,	NULL,	NULL,	NULL,	'DMPL1000208',	NULL,	NULL,	NULL,	NULL,	NULL,	NULL,	NULL,	NULL,	NULL,	NULL,	NULL,	NULL,	NULL,	'2023-09-02 09:31:19',	'2023-09-02 09:31:19'),
(439,	'Naren Kumhar',	NULL,	NULL,	452,	'DMPL1000210',	'3',	NULL,	NULL,	NULL,	NULL,	NULL,	NULL,	NULL,	'0',	NULL,	NULL,	NULL,	NULL,	NULL,	NULL,	'DMPL1000195',	NULL,	NULL,	NULL,	NULL,	NULL,	NULL,	NULL,	NULL,	NULL,	NULL,	NULL,	NULL,	NULL,	'2023-09-02 09:31:19',	'2023-09-02 09:31:19'),
(440,	'Rathu mahto',	NULL,	NULL,	453,	'DMPL1000211',	'3',	NULL,	NULL,	NULL,	NULL,	NULL,	NULL,	NULL,	'0',	NULL,	NULL,	NULL,	NULL,	NULL,	NULL,	'DMPL1000195',	NULL,	NULL,	NULL,	NULL,	NULL,	NULL,	NULL,	NULL,	NULL,	NULL,	NULL,	NULL,	NULL,	'2023-09-02 09:31:19',	'2023-09-02 09:31:19'),
(441,	'Uday tantubai',	NULL,	NULL,	454,	'DMPL1000212',	'4',	NULL,	NULL,	NULL,	NULL,	NULL,	NULL,	NULL,	'0',	NULL,	NULL,	NULL,	NULL,	NULL,	NULL,	'DMPL1000194',	NULL,	NULL,	NULL,	NULL,	NULL,	NULL,	NULL,	NULL,	NULL,	NULL,	NULL,	NULL,	NULL,	'2023-09-02 09:31:19',	'2023-09-02 09:31:19'),
(442,	'Amit Pathak',	NULL,	NULL,	455,	'DMPL1000213',	'2',	NULL,	NULL,	NULL,	NULL,	NULL,	NULL,	NULL,	'0',	NULL,	NULL,	NULL,	NULL,	NULL,	NULL,	'DMPL1000197',	NULL,	NULL,	NULL,	NULL,	NULL,	NULL,	NULL,	NULL,	NULL,	NULL,	NULL,	NULL,	NULL,	'2023-09-02 09:31:20',	'2023-09-02 09:31:20'),
(443,	'Firoz Rajak',	NULL,	NULL,	456,	'DMPL1000214',	'2',	NULL,	NULL,	NULL,	NULL,	NULL,	NULL,	NULL,	'0',	NULL,	NULL,	NULL,	NULL,	NULL,	NULL,	'DMPL1000197',	NULL,	NULL,	NULL,	NULL,	NULL,	NULL,	NULL,	NULL,	NULL,	NULL,	NULL,	NULL,	NULL,	'2023-09-02 09:31:20',	'2023-09-02 09:31:20'),
(444,	'Mehtab Alam',	NULL,	NULL,	457,	'DMPL1000215',	'3',	'1997-02-04',	NULL,	NULL,	NULL,	NULL,	NULL,	NULL,	'0',	NULL,	NULL,	NULL,	NULL,	NULL,	NULL,	'DMPL1000195',	NULL,	NULL,	NULL,	NULL,	NULL,	NULL,	NULL,	NULL,	NULL,	NULL,	NULL,	NULL,	NULL,	'2023-09-02 09:31:20',	'2023-09-02 09:31:20'),
(445,	'Rajuddin Mansuri',	NULL,	NULL,	458,	'DMPL1000216',	'2',	NULL,	NULL,	NULL,	NULL,	NULL,	NULL,	NULL,	'0',	NULL,	NULL,	NULL,	NULL,	NULL,	NULL,	'DMPL1000197',	NULL,	NULL,	NULL,	NULL,	NULL,	NULL,	NULL,	NULL,	NULL,	NULL,	NULL,	NULL,	NULL,	'2023-09-02 09:31:20',	'2023-09-02 09:31:20'),
(446,	'Sunita Mahali',	NULL,	NULL,	459,	'DMPL1000217',	'2',	NULL,	NULL,	NULL,	NULL,	NULL,	NULL,	NULL,	'0',	NULL,	NULL,	NULL,	NULL,	NULL,	NULL,	'DMPL1000209',	NULL,	NULL,	NULL,	NULL,	NULL,	NULL,	NULL,	NULL,	NULL,	NULL,	NULL,	NULL,	NULL,	'2023-09-02 09:31:20',	'2023-09-02 09:31:20'),
(447,	'Ramanuj Thakur',	NULL,	NULL,	460,	'DMPL1000219',	'3',	NULL,	NULL,	NULL,	NULL,	NULL,	NULL,	NULL,	'0',	NULL,	NULL,	NULL,	NULL,	NULL,	NULL,	'DMPL1000195',	NULL,	NULL,	NULL,	NULL,	NULL,	NULL,	NULL,	NULL,	NULL,	NULL,	NULL,	NULL,	NULL,	'2023-09-02 09:31:20',	'2023-09-02 09:31:20'),
(448,	'Pawan Kumar Singh',	NULL,	NULL,	461,	'DMPL1000220',	'3',	NULL,	NULL,	NULL,	NULL,	NULL,	NULL,	NULL,	'0',	NULL,	NULL,	NULL,	NULL,	NULL,	NULL,	'DMPL1000195',	NULL,	NULL,	NULL,	NULL,	NULL,	NULL,	NULL,	NULL,	NULL,	NULL,	NULL,	NULL,	NULL,	'2023-09-02 09:31:20',	'2023-09-02 09:31:20'),
(449,	'Mamta Modak',	NULL,	NULL,	462,	'DMPL1000221',	'1',	NULL,	NULL,	NULL,	NULL,	NULL,	NULL,	NULL,	'0',	NULL,	NULL,	NULL,	NULL,	NULL,	NULL,	'DMPL1000204',	NULL,	NULL,	NULL,	NULL,	NULL,	NULL,	NULL,	NULL,	NULL,	NULL,	NULL,	NULL,	NULL,	'2023-09-02 09:31:20',	'2023-09-02 09:31:20'),
(450,	'Jayanti Pandey',	NULL,	NULL,	463,	'DMPL1000222',	'1',	NULL,	NULL,	NULL,	NULL,	NULL,	NULL,	NULL,	'0',	NULL,	NULL,	NULL,	NULL,	NULL,	NULL,	'DMPL1000204',	NULL,	NULL,	NULL,	NULL,	NULL,	NULL,	NULL,	NULL,	NULL,	NULL,	NULL,	NULL,	NULL,	'2023-09-02 09:31:20',	'2023-09-02 09:31:20'),
(451,	'Sandhya Kachhap',	NULL,	NULL,	464,	'DMPL1000223',	'2',	NULL,	NULL,	NULL,	NULL,	NULL,	NULL,	NULL,	'0',	NULL,	NULL,	NULL,	NULL,	NULL,	NULL,	'DMPL1000219',	NULL,	NULL,	NULL,	NULL,	NULL,	NULL,	NULL,	NULL,	NULL,	NULL,	NULL,	NULL,	NULL,	'2023-09-02 09:31:20',	'2023-09-02 09:31:20'),
(452,	'Shiv Charan Rajwar',	NULL,	NULL,	465,	'DMPL1000224',	'3',	NULL,	NULL,	NULL,	NULL,	NULL,	NULL,	NULL,	'0',	NULL,	NULL,	NULL,	NULL,	NULL,	NULL,	'DMPL1000208',	NULL,	NULL,	NULL,	NULL,	NULL,	NULL,	NULL,	NULL,	NULL,	NULL,	NULL,	NULL,	NULL,	'2023-09-02 09:31:20',	'2023-09-02 09:31:20'),
(453,	'Menaka Singh Sardar',	NULL,	NULL,	466,	'DMPL1000225',	'3',	NULL,	NULL,	NULL,	NULL,	NULL,	NULL,	NULL,	'0',	NULL,	NULL,	NULL,	NULL,	NULL,	NULL,	'DMPL1000208',	NULL,	NULL,	NULL,	NULL,	NULL,	NULL,	NULL,	NULL,	NULL,	NULL,	NULL,	NULL,	NULL,	'2023-09-02 09:31:20',	'2023-09-02 09:31:20'),
(454,	'Gouranga Kumhar',	NULL,	NULL,	467,	'DMPL1000226',	'3',	NULL,	NULL,	NULL,	NULL,	NULL,	NULL,	NULL,	'0',	NULL,	NULL,	NULL,	NULL,	NULL,	NULL,	'DMPL1000208',	NULL,	NULL,	NULL,	NULL,	NULL,	NULL,	NULL,	NULL,	NULL,	NULL,	NULL,	NULL,	NULL,	'2023-09-02 09:31:20',	'2023-09-02 09:31:20'),
(455,	'Lakshmi Bala Singh',	NULL,	NULL,	468,	'DMPL1000227',	'3',	NULL,	NULL,	NULL,	NULL,	NULL,	NULL,	NULL,	'0',	NULL,	NULL,	NULL,	NULL,	NULL,	NULL,	'DMPL1000208',	NULL,	NULL,	NULL,	NULL,	NULL,	NULL,	NULL,	NULL,	NULL,	NULL,	NULL,	NULL,	NULL,	'2023-09-02 09:31:20',	'2023-09-02 09:31:20'),
(456,	'Kanhaiya Prasad Gupta',	NULL,	NULL,	469,	'DMPL1000228',	'4',	NULL,	NULL,	NULL,	NULL,	NULL,	NULL,	NULL,	'0',	NULL,	NULL,	NULL,	NULL,	NULL,	NULL,	'DMPL1000194',	NULL,	NULL,	NULL,	NULL,	NULL,	NULL,	NULL,	NULL,	NULL,	NULL,	NULL,	NULL,	NULL,	'2023-09-02 09:31:20',	'2023-09-02 09:31:20'),
(457,	'Arbin Kumar',	NULL,	NULL,	470,	'DMPL1000229',	'2',	NULL,	NULL,	NULL,	NULL,	NULL,	NULL,	NULL,	'0',	NULL,	NULL,	NULL,	NULL,	NULL,	NULL,	'DMPL1000219',	NULL,	NULL,	NULL,	NULL,	NULL,	NULL,	NULL,	NULL,	NULL,	NULL,	NULL,	NULL,	NULL,	'2023-09-02 09:31:20',	'2023-09-02 09:31:20'),
(458,	'Ambhabati Devi',	NULL,	NULL,	471,	'DMPL1000230',	'3',	NULL,	NULL,	NULL,	NULL,	NULL,	NULL,	NULL,	'0',	NULL,	NULL,	NULL,	NULL,	NULL,	NULL,	'DMPL1000208',	NULL,	NULL,	NULL,	NULL,	NULL,	NULL,	NULL,	NULL,	NULL,	NULL,	NULL,	NULL,	NULL,	'2023-09-02 09:31:20',	'2023-09-02 09:31:20'),
(459,	'Shri Niwash Pal',	NULL,	NULL,	472,	'DMPL1000231',	'5',	NULL,	NULL,	NULL,	NULL,	NULL,	NULL,	NULL,	'0',	NULL,	NULL,	NULL,	NULL,	NULL,	NULL,	'DMPL1000174',	NULL,	NULL,	NULL,	NULL,	NULL,	NULL,	NULL,	NULL,	NULL,	NULL,	NULL,	NULL,	NULL,	'2023-09-02 09:31:21',	'2023-09-02 09:31:21'),
(460,	'Jagadev Sahu',	NULL,	NULL,	473,	'DMPL1000232',	'3',	NULL,	NULL,	NULL,	NULL,	NULL,	NULL,	NULL,	'0',	NULL,	NULL,	NULL,	NULL,	NULL,	NULL,	'DMPL1000231',	NULL,	NULL,	NULL,	NULL,	NULL,	NULL,	NULL,	NULL,	NULL,	NULL,	NULL,	NULL,	NULL,	'2023-09-02 09:31:21',	'2023-09-02 09:31:21'),
(461,	'Manoj Kumar Bhagat',	NULL,	NULL,	474,	'DMPL1000233',	'5',	NULL,	NULL,	NULL,	NULL,	NULL,	NULL,	NULL,	'0',	NULL,	NULL,	NULL,	NULL,	NULL,	NULL,	'DMPL1000174',	NULL,	NULL,	NULL,	NULL,	NULL,	NULL,	NULL,	NULL,	NULL,	NULL,	NULL,	NULL,	NULL,	'2023-09-02 09:31:21',	'2023-09-02 09:31:21'),
(462,	'Mukesh Kumar Singh',	NULL,	NULL,	475,	'DMPL1000234',	'5',	NULL,	NULL,	NULL,	NULL,	NULL,	NULL,	NULL,	'0',	NULL,	NULL,	NULL,	NULL,	NULL,	NULL,	'DMPL1000150',	NULL,	NULL,	NULL,	NULL,	NULL,	NULL,	NULL,	NULL,	NULL,	NULL,	NULL,	NULL,	NULL,	'2023-09-02 09:31:21',	'2023-09-02 09:31:21'),
(463,	'Sharmila Devi',	NULL,	NULL,	476,	'DMPL1000235',	'6',	NULL,	NULL,	NULL,	NULL,	NULL,	NULL,	NULL,	'0',	NULL,	NULL,	NULL,	NULL,	NULL,	NULL,	'DMPL1000150',	NULL,	NULL,	NULL,	NULL,	NULL,	NULL,	NULL,	NULL,	NULL,	NULL,	NULL,	NULL,	NULL,	'2023-09-02 09:31:21',	'2023-09-02 09:31:21'),
(464,	'Pramod Kumar Singh',	NULL,	NULL,	477,	'DMPL1000236',	'3',	NULL,	NULL,	NULL,	NULL,	NULL,	NULL,	NULL,	'0',	NULL,	NULL,	NULL,	NULL,	NULL,	NULL,	'DMPL1000150',	NULL,	NULL,	NULL,	NULL,	NULL,	NULL,	NULL,	NULL,	NULL,	NULL,	NULL,	NULL,	NULL,	'2023-09-02 09:31:21',	'2023-09-02 09:31:21'),
(465,	'Ranjit Prasad',	NULL,	NULL,	478,	'DMPL1000237',	'2',	NULL,	NULL,	NULL,	NULL,	NULL,	NULL,	NULL,	'0',	NULL,	NULL,	NULL,	NULL,	NULL,	NULL,	'DMPL1000150',	NULL,	NULL,	NULL,	NULL,	NULL,	NULL,	NULL,	NULL,	NULL,	NULL,	NULL,	NULL,	NULL,	'2023-09-02 09:31:21',	'2023-09-02 09:31:21'),
(466,	'Santosh Kumar Singh',	NULL,	NULL,	479,	'DMPL1000238',	'4',	NULL,	NULL,	NULL,	NULL,	NULL,	NULL,	NULL,	'0',	NULL,	NULL,	NULL,	NULL,	NULL,	NULL,	'DMPL1000233',	NULL,	NULL,	NULL,	NULL,	NULL,	NULL,	NULL,	NULL,	NULL,	NULL,	NULL,	NULL,	NULL,	'2023-09-02 09:31:21',	'2023-09-02 09:31:21'),
(467,	'Gita Devi',	NULL,	NULL,	480,	'DMPL1000239',	'3',	NULL,	NULL,	NULL,	NULL,	NULL,	NULL,	NULL,	'0',	NULL,	NULL,	NULL,	NULL,	NULL,	NULL,	'DMPL1000238',	NULL,	NULL,	NULL,	NULL,	NULL,	NULL,	NULL,	NULL,	NULL,	NULL,	NULL,	NULL,	NULL,	'2023-09-02 09:31:21',	'2023-09-02 09:31:21');

DROP TABLE IF EXISTS `users_org`;
CREATE TABLE `users_org` (
  `id` bigint unsigned NOT NULL AUTO_INCREMENT,
  `name` varchar(255) COLLATE utf8mb4_unicode_ci DEFAULT NULL,
  `email` varchar(255) COLLATE utf8mb4_unicode_ci DEFAULT NULL,
  `phone_no` varchar(255) COLLATE utf8mb4_unicode_ci DEFAULT NULL,
  `email_verified_at` timestamp NULL DEFAULT NULL,
  `password` varchar(255) COLLATE utf8mb4_unicode_ci DEFAULT NULL,
  `remember_token` varchar(100) COLLATE utf8mb4_unicode_ci DEFAULT NULL,
  `pwd_status` enum('0','1') COLLATE utf8mb4_unicode_ci NOT NULL DEFAULT '0',
  `created_at` timestamp NULL DEFAULT NULL,
  `updated_at` timestamp NULL DEFAULT NULL,
  PRIMARY KEY (`id`)
) ENGINE=InnoDB DEFAULT CHARSET=utf8mb4 COLLATE=utf8mb4_unicode_ci;

INSERT INTO `users_org` (`id`, `name`, `email`, `phone_no`, `email_verified_at`, `password`, `remember_token`, `pwd_status`, `created_at`, `updated_at`) VALUES
(365,	'Vijay Kumar Rai',	NULL,	'',	NULL,	'$2y$10$iv7cnvEwoI8c8LXl3Bwbz.F8OChUiB6oqbsh0XKnzGMLfBPZ8gBwm',	NULL,	'0',	'2023-09-02 09:31:14',	'2023-09-02 09:31:14'),
(366,	'Ramanand Das',	NULL,	'',	NULL,	'$2y$10$b6S94daGyjTP2kYWsCZxgeN/d4/UuGxkQT4s4iXzZeyoADH2Q0XBO',	NULL,	'0',	'2023-09-02 09:31:14',	'2023-09-02 09:31:14'),
(367,	'Kamlesh Singh',	NULL,	'',	NULL,	'$2y$10$u5A/bFdsl7gHNxl21UjFref87H1NC330cHJzhYtxSo45g0sxjV3CS',	NULL,	'0',	'2023-09-02 09:31:14',	'2023-09-02 09:31:14'),
(368,	'Rina Devi',	NULL,	'',	NULL,	'$2y$10$ElS.PjeRrUmYQPJGs.p7yuiR8swy8fALpck5MXNSt7l9bQ3MCOCeG',	NULL,	'0',	'2023-09-02 09:31:14',	'2023-09-02 09:31:14'),
(369,	'Munni Singh',	NULL,	'',	NULL,	'$2y$10$4TjxHigdFvg.T8gjmT4OFuTjD6c3Qm7NiJ6FxGa/iRsXAYK4x5aoK',	NULL,	'0',	'2023-09-02 09:31:14',	'2023-09-02 09:31:14'),
(370,	'Raushan Kumar',	NULL,	'',	NULL,	'$2y$10$4P9CwhmZMd.DsLHI79dnYOi.Fgk6Ncnrqp5I.S4oA.TCfdMuCzCbS',	NULL,	'0',	'2023-09-02 09:31:14',	'2023-09-02 09:31:14'),
(371,	'Raj Kumar',	NULL,	'',	NULL,	'$2y$10$StY4hgNKOirRdok1vDdY1.eJHx43ikD93V10b7CN9PnZ853ba6pUu',	NULL,	'0',	'2023-09-02 09:31:14',	'2023-09-02 09:31:14'),
(372,	'Vidya Sagar Yadav',	NULL,	'',	NULL,	'$2y$10$VwfxQ1B3cU2ObhTkc4IS0uNwx.AByrQR8gdOaTcl02HhdDeDIBjY.',	NULL,	'0',	'2023-09-02 09:31:14',	'2023-09-02 09:31:14'),
(373,	'Someshwar Rai',	NULL,	'',	NULL,	'$2y$10$qYPKejZVMLVizY27HA4di.1XvjKb8joN65Fx.BZ/xyZg0DL55Bwpm',	NULL,	'0',	'2023-09-02 09:31:14',	'2023-09-02 09:31:14'),
(374,	'Rama Shankar Pal',	NULL,	'',	NULL,	'$2y$10$z5PbHkvmc1N4CFnaIPb6hu3gHLOMQgCZV491PvFWdd3ehaVMsrTSu',	NULL,	'0',	'2023-09-02 09:31:15',	'2023-09-02 09:31:15'),
(375,	'Suresh Pasad Sah',	NULL,	'',	NULL,	'$2y$10$BJnMr9np.UuSH/TVYLyzq.Y7u5cKt4ar/E.TxNTXY0bJwXzn8JzUm',	NULL,	'0',	'2023-09-02 09:31:15',	'2023-09-02 09:31:15'),
(376,	'Ayush Kumar',	NULL,	'',	NULL,	'$2y$10$MbbNNFSjFLl13f2YE3ttwOkO60ALI0szWDLy2FTXzETbf.cqCb6vG',	NULL,	'0',	'2023-09-02 09:31:15',	'2023-09-02 09:31:15'),
(377,	'Rizwana Parbeen',	NULL,	'',	NULL,	'$2y$10$VWfHk63iTj.5pFgpp/uEGu/.fODTTaQD0NLqOfkFl8R8OZHVvr/Ny',	NULL,	'0',	'2023-09-02 09:31:15',	'2023-09-02 09:31:15'),
(378,	'Binita Devi',	NULL,	'',	NULL,	'$2y$10$jGAc.z9F/Y5P6Fh1V.a2ou5BJuMSKXxnm.oSpcW6blww5R5fERBTC',	NULL,	'0',	'2023-09-02 09:31:15',	'2023-09-02 09:31:15'),
(379,	'Subhash Kumar Yadav',	NULL,	'',	NULL,	'$2y$10$jkf5F.VIsFXm3EO6PbTbgeEoSVklb0n4/8f4hTapudnmLf0XUVmxG',	NULL,	'0',	'2023-09-02 09:31:15',	'2023-09-02 09:31:15'),
(380,	'Shobha Kumari',	NULL,	'',	NULL,	'$2y$10$I7v/xs0ac0ok9geRjYh3tu9ekB.YUnDTtQYnJxn1W4fcqgEeaFAWq',	NULL,	'0',	'2023-09-02 09:31:15',	'2023-09-02 09:31:15'),
(381,	'Kavita Devi',	NULL,	'',	NULL,	'$2y$10$fWSTIUtYESEZgdekHntAAOCUJwVeIxUfhuLXbxhcieZXo9aU6y7ia',	NULL,	'0',	'2023-09-02 09:31:15',	'2023-09-02 09:31:15'),
(382,	'Pooja Kumari',	NULL,	'',	NULL,	'$2y$10$0yw9xwbkivORz0OWJ599EudDzZLgLgVqxdmkUOUzIiXrSzFDH9cLG',	NULL,	'0',	'2023-09-02 09:31:15',	'2023-09-02 09:31:15'),
(383,	'Sunil Kumar Mandal',	NULL,	'',	NULL,	'$2y$10$T9LPl4EcdO.aG4PRicRubeIYRpA2o0Kw46xzUjpq3u1TqofZyUNH6',	NULL,	'0',	'2023-09-02 09:31:15',	'2023-09-02 09:31:15'),
(384,	'Sonu Kumar Yadav',	NULL,	'',	NULL,	'$2y$10$10cRhQIp02OeDE11JOYHfeyDvV7p3bF676Uk1LGltyXUGBKy2GIiu',	NULL,	'0',	'2023-09-02 09:31:15',	'2023-09-02 09:31:15'),
(385,	'Raj Kumar',	NULL,	'',	NULL,	'$2y$10$Is.KqQHDVfoLH.RQ71XlZuLEBQgPrVdbQ1L8mzC9vfXKWkoDx9W/W',	NULL,	'0',	'2023-09-02 09:31:15',	'2023-09-02 09:31:15'),
(386,	'Kumar Deepak',	NULL,	'',	NULL,	'$2y$10$qyxFwyZqMpdWFO073y09lOAByiRRgt5lkeiAZUpehTO8eurakqNXO',	NULL,	'0',	'2023-09-02 09:31:15',	'2023-09-02 09:31:15'),
(387,	'Vijay Kumar Yadav',	NULL,	'',	NULL,	'$2y$10$jAv9az4FWnwfTPH09vRtb.yerbKrunn0aklrlDE/kgCCaBTEcTq3e',	NULL,	'0',	'2023-09-02 09:31:15',	'2023-09-02 09:31:15'),
(388,	'Seema Devi',	NULL,	'',	NULL,	'$2y$10$rFbGvITHwCWeBOEPqQjjS.uEHyie/b4gt74/mIvzcwBxKc.b.q7K6',	NULL,	'0',	'2023-09-02 09:31:15',	'2023-09-02 09:31:15'),
(389,	'Lakshman Sharma',	NULL,	'',	NULL,	'$2y$10$B81gub6wNLcKuwAzQIog6ugO.tG1zQ8Outg6Ckm.GaPG9FjDfz2Bu',	NULL,	'0',	'2023-09-02 09:31:15',	'2023-09-02 09:31:15'),
(390,	'Vijay Kumar Sharma',	NULL,	'',	NULL,	'$2y$10$zUlvXdx5dixb/t9A49OeOuuytG0etdtr2azOcp5EgPSdjseAiE0qO',	NULL,	'0',	'2023-09-02 09:31:16',	'2023-09-02 09:31:16'),
(391,	'Anil Kumar',	NULL,	'',	NULL,	'$2y$10$ojQhCmHMa1p3WjTg9wbXTOuq.lq5CuXZNq5fijNsbfenjTxvaY7DC',	NULL,	'0',	'2023-09-02 09:31:16',	'2023-09-02 09:31:16'),
(392,	'Anup Kumar',	NULL,	'',	NULL,	'$2y$10$7TL7VtGaHcJEEAWPvoVd5.DB1dybYisDPGN/kKyTn0TcjqJ0UT2Yi',	NULL,	'0',	'2023-09-02 09:31:16',	'2023-09-02 09:31:16'),
(393,	'Jai Deo',	NULL,	'7547001511',	NULL,	'$2y$10$UybKmDLTgNLRtaxHSkrUWu7IgOYBlQlv/TlnHpom.xYWcw.pkRj5O',	NULL,	'0',	'2023-09-02 09:31:16',	'2023-09-02 09:31:16'),
(394,	'Ajay Kumar',	NULL,	'9304149716',	NULL,	'$2y$10$daYWpIStVZUdErwKT5r/hOzpCETDCD.Ic5C2vgzoU7GASQbhgmvLy',	NULL,	'0',	'2023-09-02 09:31:16',	'2023-09-02 09:31:16'),
(395,	'Rohit Kumar Gupta',	NULL,	'9708048255',	NULL,	'$2y$10$a5vuOlHCJ9md09vSigyTWOqhi0l6aFBXYbR3a5i01qleBynFfw11C',	NULL,	'0',	'2023-09-02 09:31:16',	'2023-09-02 09:31:16'),
(396,	'Ranjit Kumar Mishra',	NULL,	'6204877093',	NULL,	'$2y$10$2Lb3Z9VUGJsTxjpa7RTKsuZLIG1qkHERaBRy6nChfEJt.b24BI57.',	NULL,	'0',	'2023-09-02 09:31:16',	'2023-09-02 09:31:16'),
(397,	'Kanchan Kumari',	NULL,	'6204281347',	NULL,	'$2y$10$yCz9kaxsTqfCa2kgabwoM.6jbZ6k3zPnGhjwSFqlSNAxdRYoh/D7e',	NULL,	'0',	'2023-09-02 09:31:16',	'2023-09-02 09:31:16'),
(398,	'Law Kumar Singh',	NULL,	'9334837845',	NULL,	'$2y$10$HDPNON6FuQgACht2gtgQXOJV3MMHmjqQ53fWOeru4Mo4MttpLSovO',	NULL,	'0',	'2023-09-02 09:31:16',	'2023-09-02 09:31:16'),
(399,	'Babita Devi',	NULL,	'8709984197',	NULL,	'$2y$10$gdoOHDtEYO/GJaw36BUW2.hMG9q3/3iu11ASXF7bxmfkJJvZO9KNi',	NULL,	'0',	'2023-09-02 09:31:16',	'2023-09-02 09:31:16'),
(400,	'Saraswati Devi',	NULL,	'7091023513',	NULL,	'$2y$10$Go/HjGFQOSec7qJxsao4tuoDjsJCN004yhFIv4sOs2e/BkfS85VV2',	NULL,	'0',	'2023-09-02 09:31:16',	'2023-09-02 09:31:16'),
(401,	'Shobha Devi',	NULL,	'8002112160',	NULL,	'$2y$10$9dDFqFYr2SQU6sMaVnIZCOeXXMJQlZksd.WwPY1mjvyawW6F7rlha',	NULL,	'0',	'2023-09-02 09:31:16',	'2023-09-02 09:31:16'),
(402,	'Bikrmaditya',	NULL,	'9835015388',	NULL,	'$2y$10$e7NA94C8W5CSi8CaTdf68OOXA5N2RT/YEhbxd6b6VPlYN/74lSjgq',	NULL,	'0',	'2023-09-02 09:31:16',	'2023-09-02 09:31:16'),
(403,	'Umesh Kumar',	NULL,	'8252988546',	NULL,	'$2y$10$vCZ43.jA94gtoGKAtitpUOwgXTsqC3b/tlTluUvOWIZgXTli3CTRm',	NULL,	'0',	'2023-09-02 09:31:16',	'2023-09-02 09:31:16'),
(404,	'Harakh Nath Singh',	NULL,	'7781917763',	NULL,	'$2y$10$lXQVaEcof7BWsMvVg7lipuhPe4VPcGfpZysGYUEIL82.17tKMg7K2',	NULL,	'0',	'2023-09-02 09:31:16',	'2023-09-02 09:31:16'),
(405,	'Dinesh Prasad',	NULL,	'9661038084',	NULL,	'$2y$10$JQXnLfB07IeFOmNEdEn1Re62O.ak2e0/1znUxEiITu2uYgRvXHrMS',	NULL,	'0',	'2023-09-02 09:31:16',	'2023-09-02 09:31:16'),
(406,	'Ramanuj Choudhary',	NULL,	'9473072311',	NULL,	'$2y$10$S9H7tyfxRADt2KycDNJa5O3sk26kdnSt6UaG3fa6wMpfIERtY1NlS',	NULL,	'0',	'2023-09-02 09:31:16',	'2023-09-02 09:31:16'),
(407,	'Avinash Kumar',	NULL,	'7992318470',	NULL,	'$2y$10$s/z0r2BYi8ragWveirWmseWaFJoHqytXfi0b5mKOy2OKSctes36Y.',	NULL,	'0',	'2023-09-02 09:31:17',	'2023-09-02 09:31:17'),
(408,	'Rajkumari Devi',	NULL,	'8709358234',	NULL,	'$2y$10$ksCq/NkHofKCgTtCx6VO3.IRiy6h0aHlHR7NVnEl2zwKsisEzmxkG',	NULL,	'0',	'2023-09-02 09:31:17',	'2023-09-02 09:31:17'),
(409,	'Sabita Devi',	NULL,	'9263112395',	NULL,	'$2y$10$yZEMPFIBQ5Gdb78k2432SuAQcohyhkgjxtqqykox/OPIAjPwkvE/2',	NULL,	'0',	'2023-09-02 09:31:17',	'2023-09-02 09:31:17'),
(410,	'Vijay Kumar Rai',	NULL,	'7903778159',	NULL,	'$2y$10$yV7CwQFpGdSrfUhCppEA..wXCpwyDgmuxykZQHW918/IGGKGslD3a',	NULL,	'0',	'2023-09-02 09:31:17',	'2023-09-02 09:31:17'),
(411,	'Rohit Priyadarshi',	NULL,	'9102941300',	NULL,	'$2y$10$SHXrmqC5RHeNHhWBzmfCF.diLyC1W8ekDjt2DULvFmJY/Nf9zjg/S',	NULL,	'0',	'2023-09-02 09:31:17',	'2023-09-02 09:31:17'),
(412,	'Chandra Kant Pandey',	NULL,	'9308851189',	NULL,	'$2y$10$noL23eJe/BZaqJlIL4IkfOmWEh/FPc7IOzLK7vj.issYzlK6ptlqy',	NULL,	'0',	'2023-09-02 09:31:17',	'2023-09-02 09:31:17'),
(413,	'Damyanti Kumari',	NULL,	'9472300614',	NULL,	'$2y$10$At9aLdFyJ/hWNEg67qOxR.x9WfjYkYrzopjCQqelm7X7XaFC193fK',	NULL,	'0',	'2023-09-02 09:31:17',	'2023-09-02 09:31:17'),
(414,	'Nityanand Chaudhari',	NULL,	'7990941632',	NULL,	'$2y$10$TjszCZyBrI/ZXcZ18uTyaulitD1mdBID0Kyeva2GJ.H7KkGJXuL5u',	NULL,	'0',	'2023-09-02 09:31:17',	'2023-09-02 09:31:17'),
(415,	'Rahul Kumar',	NULL,	'',	NULL,	'$2y$10$omx6OtnsACBwCA3bGJfywOpU.ezDDgFSW8u5YztHchZqktuUwvtz.',	NULL,	'0',	'2023-09-02 09:31:17',	'2023-09-02 09:31:17'),
(416,	'Nirbhay Kumar Singh',	NULL,	'9934082261',	NULL,	'$2y$10$J0EibEGEEcQfm8DV315EuOvaLPwl/0v.auALAV5mCEr4vMek6f6AS',	NULL,	'0',	'2023-09-02 09:31:17',	'2023-09-02 09:31:17'),
(417,	'Anil Kumar',	NULL,	'6207737132',	NULL,	'$2y$10$9wH5qGTZ9eKN1SjwfibUPOAyVlRWoFGILDWO7SpoYj/2wOtYnNt.e',	NULL,	'0',	'2023-09-02 09:31:17',	'2023-09-02 09:31:17'),
(418,	'Dinesh Kumar Singh',	NULL,	'9681062066',	NULL,	'$2y$10$ArAjk.SRUai.pik0lZnIOezEWsqLQHk6HVKsV6OPcxlyZhro4tR3S',	NULL,	'0',	'2023-09-02 09:31:17',	'2023-09-02 09:31:17'),
(419,	'Rama Shankar Singh',	NULL,	'8864011308',	NULL,	'$2y$10$XjsWDO9VqCoKq3yjdWHIH.HnClWzXW/X0IJaAQDfrYzxZZQWiFIni',	NULL,	'0',	'2023-09-02 09:31:17',	'2023-09-02 09:31:17'),
(420,	'Lalsa Devi',	NULL,	'6394171727',	NULL,	'$2y$10$fk0QcntZLiUI5Fyx9KtFJOka/QY6ehllOVEKPJLFyr4v2xjAOcLDu',	NULL,	'0',	'2023-09-02 09:31:17',	'2023-09-02 09:31:17'),
(421,	'Kusum Devi',	NULL,	'7903183029',	NULL,	'$2y$10$4.8CaVmFV0iLEvvTV8.YwOZ5RN2nKAojCgnoE0FBuiYBwecEcASii',	NULL,	'0',	'2023-09-02 09:31:17',	'2023-09-02 09:31:17'),
(422,	'Sardar Ram',	NULL,	'7766056395',	NULL,	'$2y$10$d2IKoCuOYCzzT9lumFkKVuatK39d46lg/m59bwTaAS8HUFxr4B.G2',	NULL,	'0',	'2023-09-02 09:31:17',	'2023-09-02 09:31:17'),
(423,	'Manoj Kumar Singh',	NULL,	'9006846794',	NULL,	'$2y$10$t.5QgDXTo1mf.sHi0HUduuu2KRcdNPHkWy44hJaZAvHPNEBjBcpiy',	NULL,	'0',	'2023-09-02 09:31:18',	'2023-09-02 09:31:18'),
(424,	'Prem Shankar Singh',	NULL,	'9955534121',	NULL,	'$2y$10$bLE4cNo00Dj3CJhpOelrh.Vb3htqOAgYdliUJbrbL1OuDh9t/Veva',	NULL,	'0',	'2023-09-02 09:31:18',	'2023-09-02 09:31:18'),
(425,	'Vinod Singh',	NULL,	'6200736287',	NULL,	'$2y$10$9Za7991eaFNrfvcESR71n.o7MIEQV8j.utRrgPWdy9BvPtmqudm7a',	NULL,	'0',	'2023-09-02 09:31:18',	'2023-09-02 09:31:18'),
(426,	'Bikarma Singh',	NULL,	'6200962480',	NULL,	'$2y$10$6FXNMXwyY3UcbA1.V9YXROABIMRgUDnEMSGYqPgujJxqgRqTKW/xa',	NULL,	'0',	'2023-09-02 09:31:18',	'2023-09-02 09:31:18'),
(427,	'Rinku Devi',	NULL,	'',	NULL,	'$2y$10$l0qrMjUQ2CpWvfXThPVz5OdS3Sc0ooUdmoAA1sv0n29XS7u2I5WKy',	NULL,	'0',	'2023-09-02 09:31:18',	'2023-09-02 09:31:18'),
(428,	'Sunil Ram',	NULL,	'8800171287',	NULL,	'$2y$10$ke6m3P9YLyRmxbO6jl4kyOf4X/MpknvlwvV9UXOH76pyoHMTxVM6.',	NULL,	'0',	'2023-09-02 09:31:18',	'2023-09-02 09:31:18'),
(429,	'Shrukrishna',	NULL,	'8851446957',	NULL,	'$2y$10$mVwMMCzbku6RT9s81vqkg.Y8yhDoRZy83dbDGbeb6G.5dZQku75mC',	NULL,	'0',	'2023-09-02 09:31:18',	'2023-09-02 09:31:18'),
(430,	'Amod Kumar Ram',	NULL,	'',	NULL,	'$2y$10$GcaGAjCmb0Yre3t.PUnbteCRfTexndeX8JZAtSzCR2qixHMitrD1O',	NULL,	'0',	'2023-09-02 09:31:18',	'2023-09-02 09:31:18'),
(431,	'Jitendra Paswan',	NULL,	'9955150460',	NULL,	'$2y$10$TaWjsag.6kjQy/KFJk6IgOnOR1pRRkMN/8djQjzIGSqcOyEfbFpue',	NULL,	'0',	'2023-09-02 09:31:18',	'2023-09-02 09:31:18'),
(432,	'Astami Pramanik',	NULL,	'9060991850',	NULL,	'$2y$10$UT7fici9saTRn29S7vh8MOSQmfjgczpy/XnJ7pQ2lmwh9Q6k7wYlC',	NULL,	'0',	'2023-09-02 09:31:18',	'2023-09-02 09:31:18'),
(433,	'Shila Devi',	NULL,	'8862998623',	NULL,	'$2y$10$WqP/3SnhgeZw1qJNKyeHs.S68WDhIzSvd.aw3lzZgCI0u.yGfhzdm',	NULL,	'0',	'2023-09-02 09:31:18',	'2023-09-02 09:31:18'),
(434,	'Satyangan Devi',	NULL,	'9304980903',	NULL,	'$2y$10$ZDj28D0Sg0MukS7J4SOj3O2Cu/AsEZWBNbdfC7WUBmDa1sVuxkbd2',	NULL,	'0',	'2023-09-02 09:31:18',	'2023-09-02 09:31:18'),
(435,	'Usha Devi',	NULL,	'7209831854',	NULL,	'$2y$10$ZMB5JKY0nF4k82pjFNypJOSn5eDgBdwlycV3UNJDCQXE5LjgDg.qu',	NULL,	'0',	'2023-09-02 09:31:18',	'2023-09-02 09:31:18'),
(436,	'Priyanka Kumari',	NULL,	'',	NULL,	'$2y$10$aR35TiIw/EzIk.pABfWl.O0ERZMWHWEdcwtLIYzR0tpvrOLsahMba',	NULL,	'0',	'2023-09-02 09:31:18',	'2023-09-02 09:31:18'),
(437,	'Chitaranjan Prasad Singh',	NULL,	'',	NULL,	'$2y$10$QW7L45/M1USTuxGX6X8PQuiTUT9VJo.kYaUZjrsRY.7g1P1j7eNd2',	NULL,	'0',	'2023-09-02 09:31:18',	'2023-09-02 09:31:18'),
(438,	'Harendra Kumar',	NULL,	'8340400658',	NULL,	'$2y$10$NstuIQsqIQ8l4cz3J46LQ.JNXKGGsdn19lpIDolYS1Od15AvD64J6',	NULL,	'0',	'2023-09-02 09:31:18',	'2023-09-02 09:31:18'),
(439,	'Ram Sharan Mishra',	NULL,	'6205654828',	NULL,	'$2y$10$loKojiauKPjjnuZsxayatei6l0NKSF1QMH0cyoi7AepPC5EDyW2UO',	NULL,	'0',	'2023-09-02 09:31:19',	'2023-09-02 09:31:19'),
(440,	'Mahendra Mahato',	NULL,	'6207725533',	NULL,	'$2y$10$OyCmyq2ygszmgc8tIzjwUuHaWjN10zxr.khbRH8FuerlF3BIspkA6',	NULL,	'0',	'2023-09-02 09:31:19',	'2023-09-02 09:31:19'),
(441,	'Hari Pada Kumar',	NULL,	'9608175462',	NULL,	'$2y$10$cf2V9tsyvguYWw9nhwCjOOmxDBDaGfmW/RYNeMabfmpFPq9cQ0zBK',	NULL,	'0',	'2023-09-02 09:31:19',	'2023-09-02 09:31:19'),
(442,	'Dipali Kumbhakar',	NULL,	'8825313332',	NULL,	'$2y$10$zGV6ZLn1r8WC5Rc6m657beGZa/cF3MIxtR2NbHHSqy2DCjaO5haUa',	NULL,	'0',	'2023-09-02 09:31:19',	'2023-09-02 09:31:19'),
(443,	'Urmila Kumbhakar',	NULL,	'8271667694',	NULL,	'$2y$10$AajfKyl4lv8OxCr05yDH/eP8YahHLLg3rK5SSFrhhRnU9rBiPxgI2',	NULL,	'0',	'2023-09-02 09:31:19',	'2023-09-02 09:31:19'),
(444,	'Bhutesh Chandra Kumbhakar',	NULL,	'8789160150',	NULL,	'$2y$10$Hhq/3ex6WrmyQ1iIKeX0yuFKRLWbjN4t1y3roZ7sWgzvJA0uYsOjy',	NULL,	'0',	'2023-09-02 09:31:19',	'2023-09-02 09:31:19'),
(445,	'Umesh Chandra Kumbhakar',	NULL,	'8271667694',	NULL,	'$2y$10$kS0qAN93usc5rsv8OfRXr.FvL990Af5hn9xg8zjptZwQoERT.m3DK',	NULL,	'0',	'2023-09-02 09:31:19',	'2023-09-02 09:31:19'),
(446,	'Barnali Nag',	NULL,	'6200528138',	NULL,	'$2y$10$kM0rgXxEnNmjoEY1y70cseXII5083XceTgvcdsIwKeFA8urc0CZzm',	NULL,	'0',	'2023-09-02 09:31:19',	'2023-09-02 09:31:19'),
(447,	'Siyasharan Prasad',	NULL,	'9835740124',	NULL,	'$2y$10$a3u91BoPmFDbznF4/kXcnO9yVaFLu7SyPm6ZX.mKHHJDGoPtZVote',	NULL,	'0',	'2023-09-02 09:31:19',	'2023-09-02 09:31:19'),
(448,	'Pushpa Rani Kumbhakar',	NULL,	'8789160150',	NULL,	'$2y$10$cIvML6zuZDHGyciTVbUhEun6aHj1dry9sOWnfM9o5gtF7z5ncfZGS',	NULL,	'0',	'2023-09-02 09:31:19',	'2023-09-02 09:31:19'),
(449,	'Putul Ram',	NULL,	'',	NULL,	'$2y$10$12gRUMjk5fuIhaumv1JMEeqkKsBBCWNaWAVIqKUyf7OcWOHgHQwE.',	NULL,	'0',	'2023-09-02 09:31:19',	'2023-09-02 09:31:19'),
(450,	'Tara Kumhkar',	NULL,	'8969714410',	NULL,	'$2y$10$aF1ZNmirP5nK.ahAqt8oTOO.2nHwl9TsWPfTlrLtmFntLwgO9ZGbK',	NULL,	'0',	'2023-09-02 09:31:19',	'2023-09-02 09:31:19'),
(451,	'Rabani Mahali',	NULL,	'9142852647',	NULL,	'$2y$10$oFUnie3rKpAW/Jo6zaNd5eahJtHUZRs6hqKJXJyBddk8KEsP5ymsC',	NULL,	'0',	'2023-09-02 09:31:19',	'2023-09-02 09:31:19'),
(452,	'Naren Kumhar',	NULL,	'',	NULL,	'$2y$10$1npjqrpcqZmmxpoiJsiDaOe0ui9waY2NXQufBnAS59nCOsqoBdiB2',	NULL,	'0',	'2023-09-02 09:31:19',	'2023-09-02 09:31:19'),
(453,	'Rathu mahto',	NULL,	'',	NULL,	'$2y$10$FUNOBA4XoGQycC/xibzvMuDM/BgJjKBLP0J5rplqe5HyxwsRzzM36',	NULL,	'0',	'2023-09-02 09:31:19',	'2023-09-02 09:31:19'),
(454,	'Uday tantubai',	NULL,	'',	NULL,	'$2y$10$8HgQC7g7fOMtWvqxOAg5j.1iQf7f01aOE7dthyJrFbOGgLFAiwUau',	NULL,	'0',	'2023-09-02 09:31:19',	'2023-09-02 09:31:19'),
(455,	'Amit Pathak',	NULL,	'',	NULL,	'$2y$10$9hnDz8CIV9PF3fvNF7AeMeaomwZ/cewCROobM1m1DL4ElKpaRTfkq',	NULL,	'0',	'2023-09-02 09:31:20',	'2023-09-02 09:31:20'),
(456,	'Firoz Rajak',	NULL,	'',	NULL,	'$2y$10$yKaNl9g.rKj7jnN/Vbmjo.MTSBlCaNKQMpxKSWDRc2t8Vq5gmroJ2',	NULL,	'0',	'2023-09-02 09:31:20',	'2023-09-02 09:31:20'),
(457,	'Mehtab Alam',	NULL,	'7091315080',	NULL,	'$2y$10$yKyOMxe3kHstmeT0xjdfdesIGnVaueWdx8rfQJ2IGA0hRMjLikiCS',	NULL,	'0',	'2023-09-02 09:31:20',	'2023-09-02 09:31:20'),
(458,	'Rajuddin Mansuri',	NULL,	'',	NULL,	'$2y$10$1sKVI76.5JhTT9FCht3Wp.ypk57./wWevAMvtJn3OeycpYo5VpQuS',	NULL,	'0',	'2023-09-02 09:31:20',	'2023-09-02 09:31:20'),
(459,	'Sunita Mahali',	NULL,	'',	NULL,	'$2y$10$TZjuVRnNChVb3p4OJqyWWORdUAhnMMDiYKTkep9ESHJWvIVZXtBb6',	NULL,	'0',	'2023-09-02 09:31:20',	'2023-09-02 09:31:20'),
(460,	'Ramanuj Thakur',	NULL,	'',	NULL,	'$2y$10$.H5OweVijBvDM0nQ8ZKVv.d1kK4djMnMKBcp0Yv1AajOaAdqVoeNG',	NULL,	'0',	'2023-09-02 09:31:20',	'2023-09-02 09:31:20'),
(461,	'Pawan Kumar Singh',	NULL,	'',	NULL,	'$2y$10$8NCP9OowXcvDJA.OAwVZ3uikpMnsIEItTE17JPUenHSI8fv3NqpLG',	NULL,	'0',	'2023-09-02 09:31:20',	'2023-09-02 09:31:20'),
(462,	'Mamta Modak',	NULL,	'',	NULL,	'$2y$10$ROiFvCZ8tYT.Wj24j0q8r.bVqvGu7FxhrrS8.ek6I8JjHV2zMTu/.',	NULL,	'0',	'2023-09-02 09:31:20',	'2023-09-02 09:31:20'),
(463,	'Jayanti Pandey',	NULL,	'',	NULL,	'$2y$10$WaaK/8el2mxQqZ.HEReOEe/ARl1B4kLgHZFwWe2zOQ/jPnGZVCsDK',	NULL,	'0',	'2023-09-02 09:31:20',	'2023-09-02 09:31:20'),
(464,	'Sandhya Kachhap',	NULL,	'',	NULL,	'$2y$10$BjBFtabFQqisOrX8m5AwfeDvgYWUXEftk8XS/C7efwN74OYUQ306G',	NULL,	'0',	'2023-09-02 09:31:20',	'2023-09-02 09:31:20'),
(465,	'Shiv Charan Rajwar',	NULL,	'',	NULL,	'$2y$10$sOGqhIDJFg/PJoC8oixUSu4OgmOJPBcTRRlI9vI9LBoN5VXM15OHi',	NULL,	'0',	'2023-09-02 09:31:20',	'2023-09-02 09:31:20'),
(466,	'Menaka Singh Sardar',	NULL,	'',	NULL,	'$2y$10$nPGKvNw/AfKULwqHhqdSLeYNdZB63mPHCYu0Q.n9s8d.5ZY3D2s7C',	NULL,	'0',	'2023-09-02 09:31:20',	'2023-09-02 09:31:20'),
(467,	'Gouranga Kumhar',	NULL,	'',	NULL,	'$2y$10$vadhCvhtVN/GHonM4gYpkeJxh7dfgIpYHVpc4kWq2hwSLNB2i9.iy',	NULL,	'0',	'2023-09-02 09:31:20',	'2023-09-02 09:31:20'),
(468,	'Lakshmi Bala Singh',	NULL,	'',	NULL,	'$2y$10$vPJJJ2AxC2WGm4MvO699keHzufNMxRLm7dmghrbsMYBQL/y9wnMfe',	NULL,	'0',	'2023-09-02 09:31:20',	'2023-09-02 09:31:20'),
(469,	'Kanhaiya Prasad Gupta',	NULL,	'',	NULL,	'$2y$10$/snqREBPjqP.6y83dzj3o.ja7u/PJ7X4ubxunIO4VlYrcyWBHg6/O',	NULL,	'0',	'2023-09-02 09:31:20',	'2023-09-02 09:31:20'),
(470,	'Arbin Kumar',	NULL,	'',	NULL,	'$2y$10$TAw0rVgxKhJaVmZXD9rnw.J3z0ItdW5ZFV/FleGYAeLRszsuyWLEe',	NULL,	'0',	'2023-09-02 09:31:20',	'2023-09-02 09:31:20'),
(471,	'Ambhabati Devi',	NULL,	'',	NULL,	'$2y$10$JB1ha28CzeOuiCHk86XGs.fELQYi4FR6EpNBoZG62ddEPvawnc4ti',	NULL,	'0',	'2023-09-02 09:31:20',	'2023-09-02 09:31:20'),
(472,	'Shri Niwash Pal',	NULL,	'',	NULL,	'$2y$10$4n1AKZFw/9JoRYgM9WpmtOjutH1LMLJnPCQK9VvFvrgSZ4w4qXgwW',	NULL,	'0',	'2023-09-02 09:31:21',	'2023-09-02 09:31:21'),
(473,	'Jagadev Sahu',	NULL,	'',	NULL,	'$2y$10$1gNPHGLeQzEnkmy7HOOpXOBnHBCC6iuORQOyyH5ycCZ7K1xQnbleW',	NULL,	'0',	'2023-09-02 09:31:21',	'2023-09-02 09:31:21'),
(474,	'Manoj Kumar Bhagat',	NULL,	'',	NULL,	'$2y$10$jDKFvQql4TCXIX7hheuuUuZ3UJO.o12f3onRLlWWrSriTmZNTNoUu',	NULL,	'0',	'2023-09-02 09:31:21',	'2023-09-02 09:31:21'),
(475,	'Mukesh Kumar Singh',	NULL,	'',	NULL,	'$2y$10$COjMxTOF4MnlzlUuX.CWJeHKAOB9BkkiTPBbfVsO8616X6JQjsDM6',	NULL,	'0',	'2023-09-02 09:31:21',	'2023-09-02 09:31:21'),
(476,	'Sharmila Devi',	NULL,	'',	NULL,	'$2y$10$GUIhGSvoiMWmxrkxiQUVxuAZ.Jidoej/tfczuNtR.j68wLHvnWKLK',	NULL,	'0',	'2023-09-02 09:31:21',	'2023-09-02 09:31:21'),
(477,	'Pramod Kumar Singh',	NULL,	'',	NULL,	'$2y$10$4FZ1pZbahFSn4iZa8LpSlOAH9JbbIEHRvr/7cccDw7TRqbbhL./vS',	NULL,	'0',	'2023-09-02 09:31:21',	'2023-09-02 09:31:21'),
(478,	'Ranjit Prasad',	NULL,	'',	NULL,	'$2y$10$lkexhjMljfhMx9cQmD6dOuRECzJidJQNEs4WHyEb3jqZm4oWmnfe.',	NULL,	'0',	'2023-09-02 09:31:21',	'2023-09-02 09:31:21'),
(479,	'Santosh Kumar Singh',	NULL,	'',	NULL,	'$2y$10$v9l0.mzScXFchMCBSqRF8uN6wnpbSPZtSSAC.y7LSxFvmg7PDgOS2',	NULL,	'0',	'2023-09-02 09:31:21',	'2023-09-02 09:31:21'),
(480,	'Gita Devi',	NULL,	'',	NULL,	'$2y$10$r5QRUZ9Vl1pu9j0ql/Qque72HRWvXYqZjoRY98GRPkehd.DoVf3Oy',	NULL,	'0',	'2023-09-02 09:31:21',	'2023-09-02 09:31:21');

-- 2023-09-02 15:09:00
